Date Submitted,Workout Date,Activity Type,Calories Burned (kCal),Distance (mi),Workout Time (seconds),Avg Pace (min/mi),Max Pace (min/mi),Avg Speed (mi/h),Max Speed (mi/h),Avg Heart Rate,Steps,Notes,Source,Link
"Nov. 7, 2024","Nov. 7, 2024",Run,499,4.4984,2284,8.46288,1.60532,7.08978,37.3758,0,5684,b'',Map My Fitness MapMyRun iPhone,http://www.mapmyfitness.com/workout/8266669987
"Nov. 4, 2024","Nov. 4, 2024",Run,492,4.50097,2190,8.10968,0.786989,7.39856,76.2399,0,5604,b'',Map My Fitness MapMyRun iPhone,http://www.mapmyfitness.com/workout/8261962612
"Oct. 31, 2024","Oct. 31, 2024",Run,446,3.99788,2160,9.00297,0.36212,6.66447,165.691,0,5390,b'',Map My Fitness MapMyRun iPhone,http://www.mapmyfitness.com/workout/8255437819
"Oct. 29, 2024","Oct. 29, 2024",Run,445,3.99709,2136,8.90436,1.94579,6.73827,30.8358,0,5394,b'',Map My Fitness MapMyRun iPhone,http://www.mapmyfitness.com/workout/8251818424
"Oct. 26, 2024","Oct. 26, 2024",Run,437,3.99754,1949,8.12593,0.173046,7.38377,346.729,0,4999,b'',Map My Fitness MapMyRun iPhone,http://www.mapmyfitness.com/workout/8246729536
"Oct. 22, 2024","Oct. 22, 2024",Run,235,2.14706,1052,8.15767,0.862293,7.35504,69.5819,0,2678,b'',Map My Fitness MapMyRun iPhone,http://www.mapmyfitness.com/workout/8239159744
"Oct. 18, 2024","Oct. 18, 2024",Run,446,4.00015,2069,8.6184,0.444886,6.96185,134.866,0,5235,b'',Map My Fitness MapMyRun iPhone,http://www.mapmyfitness.com/workout/8232267424
"Oct. 15, 2024","Oct. 15, 2024",Run,448,3.99825,2190,9.12527,1.03065,6.57515,58.2154,0,5496,b'',Map My Fitness MapMyRun iPhone,http://www.mapmyfitness.com/workout/8226509617
"Oct. 11, 2024","Oct. 11, 2024",Run,434,4.00016,1913,7.97173,1.04889,7.5266,57.2034,0,4957,b'',Map My Fitness MapMyRun iPhone,http://www.mapmyfitness.com/workout/8217774601
"Oct. 7, 2024","Oct. 7, 2024",Run,253,2.26695,1164,8.5556,0.374189,7.01295,160.347,0,2951,b'',Map My Fitness MapMyRun iPhone,http://www.mapmyfitness.com/workout/8207025676
"Oct. 3, 2024","Oct. 3, 2024",Run,442,3.99807,2003,8.34914,0.698806,7.18637,85.8608,0,5242,b'',Map My Fitness MapMyRun iPhone,http://www.mapmyfitness.com/workout/8198770513
"Sept. 30, 2024","Sept. 30, 2024",Run,446,4.002,2095,8.72253,0.40926,6.87874,146.606,0,5363,b'',Map My Fitness MapMyRun iPhone,http://www.mapmyfitness.com/workout/8194073344
"Sept. 28, 2024","Sept. 28, 2024",Run,450,4.03952,2093,8.63367,1.48771,6.94954,40.3304,0,5217,b'',Map My Fitness MapMyRun iPhone,http://www.mapmyfitness.com/workout/8190522292
"Sept. 24, 2024","Sept. 24, 2024",Run,256,2.26983,1266,9.2954,0.455679,6.4548,131.672,0,3235,b'',Map My Fitness MapMyRun iPhone,http://www.mapmyfitness.com/workout/8183132719
"Sept. 19, 2024","Sept. 19, 2024",Run,445,3.99731,2044,8.52017,0.183606,7.04211,326.786,0,5181,b'',Map My Fitness MapMyRun iPhone,http://www.mapmyfitness.com/workout/8174044708
"Sept. 16, 2024","Sept. 16, 2024",Run,446,3.99816,2059,8.58181,0.414068,6.99153,144.904,0,5196,b'',Map My Fitness MapMyRun iPhone,http://www.mapmyfitness.com/workout/8167811767
"Sept. 13, 2024","Sept. 13, 2024",Run,335,3.00551,1572,8.71798,0.401716,6.88233,149.359,0,3969,b'',Map My Fitness MapMyRun iPhone,http://www.mapmyfitness.com/workout/8162946358
"Sept. 6, 2024","Sept. 6, 2024",Run,444,3.99613,2040,8.50535,0.78389,7.05438,76.5413,0,4992,b'',Map My Fitness MapMyRun iPhone,http://www.mapmyfitness.com/workout/8149858264
"Sept. 2, 2024","Sept. 2, 2024",Run,502,4.49815,2439,9.03351,0.400884,6.64193,149.669,0,6103,b'',Map My Fitness MapMyRun iPhone,http://www.mapmyfitness.com/workout/8142080575
"Aug. 29, 2024","Aug. 29, 2024",Run,276,2.47342,1345,9.06246,0.630693,6.62072,95.1335,0,3417,b'',Map My Fitness MapMyRun iPhone,http://www.mapmyfitness.com/workout/8134052968
"Aug. 24, 2024","Aug. 24, 2024",Run,451,4.01201,2213,9.19231,2.72336,6.52719,22.0316,0,5541,b'',Map My Fitness MapMyRun iPhone,http://www.mapmyfitness.com/workout/8124244480
"Aug. 18, 2024","Aug. 18, 2024",Run,445,4.00008,2132,8.88381,0.44062,6.75386,136.172,0,5270,b'',Map My Fitness MapMyRun iPhone,http://www.mapmyfitness.com/workout/8113873669
"Aug. 13, 2024","Aug. 13, 2024",Run,346,3.01065,1771,9.8046,1.41256,6.11958,42.476,0,4213,b'',Map My Fitness MapMyRun iPhone,http://www.mapmyfitness.com/workout/8104541815
"June 12, 2024","June 12, 2024",Walk,334,2.99933,1549,8.60251,0.418702,6.97471,143.3,0,4020,b'',Map My Fitness MapMyRun iPhone,http://www.mapmyfitness.com/workout/7988733685
"June 8, 2024","June 8, 2024",Walk,290,2.94513,5242,29.5979,1.84605,2.02717,32.5019,0,8066,b'',Map My Fitness MapMyRun iPhone,http://www.mapmyfitness.com/workout/7978862968
"June 8, 2024","June 8, 2024",Walk,286,2.64548,5761,36.2941,1.28978,1.65316,46.5196,0,7065,b'',Map My Fitness MapMyRun iPhone,http://www.mapmyfitness.com/workout/7978687972
"June 5, 2024","June 5, 2024",Run,222,1.99809,1012,8.44098,2.46495,7.10818,24.3413,0,2569,b'Run with Oreo',Map My Fitness MapMyRun iPhone,http://www.mapmyfitness.com/workout/7974634585
"June 3, 2024","June 3, 2024",Run,122,1.0731,608,9.43529,4.31497,6.3591,13.9051,0,1476,b'Run with Oreo',Map My Fitness MapMyRun iPhone,http://www.mapmyfitness.com/workout/7970704399
"May 21, 2024","May 21, 2024",Run,88,1.04201,1173,18.7569,0.988522,3.19883,60.6967,0,1512,b'',Map My Fitness MapMyRun iPhone,http://www.mapmyfitness.com/workout/7945843975
"May 15, 2024","May 15, 2024",Run,298,2.69715,1350,8.33808,1.64242,7.1959,36.5315,0,3493,b'',Map My Fitness MapMyRun iPhone,http://www.mapmyfitness.com/workout/7934510155
"May 13, 2024","May 13, 2024",Run,441,3.99813,1988,8.28445,1.0995,7.24249,54.57,0,5164,b'',Map My Fitness MapMyRun iPhone,http://www.mapmyfitness.com/workout/7930534624
"May 13, 2024","May 9, 2024",Run,285,2.6252,1258,7.97766,1.17052,7.521,51.2594,0,3239,b'',Map My Fitness MapMyRun iPhone,http://www.mapmyfitness.com/workout/7930534687
"May 9, 2024","May 4, 2024",Run,974,8.32013,5115,10.2226,0.979706,5.86933,61.2429,0,12638,b'',Map My Fitness MapMyRun iPhone,http://www.mapmyfitness.com/workout/7923081778
"April 30, 2024","April 30, 2024",Run,544,4.9989,2398,7.99296,0.838587,7.5066,71.549,0,6121,b'',Map My Fitness MapMyRun iPhone,http://www.mapmyfitness.com/workout/7904912269
"April 30, 2024","April 27, 2024",Run,709,6.13476,3648,9.89471,0.456863,6.06384,131.33,134,9749,b'',Map My Fitness MapMyRun iPhone,http://www.mapmyfitness.com/workout/7904740543
"April 23, 2024","April 23, 2024",Run,545,4.9992,2406,8.02098,0.762888,7.48039,78.6485,153,6589,b'6 secs too slow',Map My Fitness MapMyRun iPhone,http://www.mapmyfitness.com/workout/7891454995
"April 20, 2024","April 20, 2024",Run,825,7.01167,4372,10.3921,0.478485,5.77364,125.396,141,11627,b'',Map My Fitness MapMyRun iPhone,http://www.mapmyfitness.com/workout/7885708888
"April 17, 2024","April 17, 2024",Run,551,5.00504,2477,8.24733,0.728093,7.27508,82.4071,160,6760,b'',Map My Fitness MapMyRun iPhone,http://www.mapmyfitness.com/workout/7880389840
"April 13, 2024","April 13, 2024",Run,548,4.99863,2457,8.18979,0.126397,7.32619,474.693,160,6711,b'Too much energy left at mile 5. Pace for miles 2 and 3 need to be capped.',Map My Fitness MapMyRun iPhone,http://www.mapmyfitness.com/workout/7871976571
"April 11, 2024","April 11, 2024",Run,780,6.99773,3777,8.99508,0.848051,6.67032,70.7505,164,10202,b'Left calf cramping at mile 6. Work on slow eccentric calf raises. Less volume on hamstrings and more on quadriceps',Map My Fitness MapMyRun iPhone,http://www.mapmyfitness.com/workout/7868333602
"April 6, 2024","April 6, 2024",Run,679,6.00388,3373,9.3628,0.478857,6.40834,125.298,144,9070,b'',Map My Fitness MapMyRun iPhone,http://www.mapmyfitness.com/workout/7857885382
"April 4, 2024","April 4, 2024",Run,557,5.00401,2628,8.75078,0.877985,6.85653,68.3383,154,7121,b'',Map My Fitness MapMyRun iPhone,http://www.mapmyfitness.com/workout/7854946525
"March 29, 2024","March 29, 2024",Run,280,2.51266,1311,8.69154,0.421388,6.90326,142.387,147,3555,b'',Map My Fitness MapMyRun iPhone,http://www.mapmyfitness.com/workout/7844512243
"March 27, 2024","March 27, 2024",Run,558,5.00347,2578,8.58589,0.809624,6.98821,74.1085,159,7001,b'',Map My Fitness MapMyRun iPhone,http://www.mapmyfitness.com/workout/7841157805
"March 19, 2024","March 19, 2024",Run,330,2.96213,1540,8.66158,0.35865,6.92715,167.294,158,4178,b'',Map My Fitness MapMyRun iPhone,http://www.mapmyfitness.com/workout/7827445570
"March 16, 2024","March 16, 2024",Run,446,3.99787,2071,8.63203,0.897933,6.95085,66.8202,153,5621,b'',Map My Fitness MapMyRun iPhone,http://www.mapmyfitness.com/workout/7821998023
"March 14, 2024","March 14, 2024",Run,117,1.0787,512,7.8944,5.2385,7.60033,11.4537,161,1405,b'',Map My Fitness MapMyRun iPhone,http://www.mapmyfitness.com/workout/7818419521
"March 11, 2024","March 11, 2024",Run,444,3.9998,2035,8.47923,0.0674614,7.07611,889.397,148,5535,b'',Map My Fitness MapMyRun iPhone,http://www.mapmyfitness.com/workout/7812299371
"March 6, 2024","March 6, 2024",Run,557,4.99867,2623,8.74277,0.351455,6.86282,170.719,150,7108,b'',Map My Fitness MapMyRun iPhone,http://www.mapmyfitness.com/workout/7803712528
"Sept. 1, 2023","Sept. 1, 2023",Run,275,2.46312,1331,9.00131,0.762014,6.6657,78.7387,0,3595,b'',Map My Fitness MapMyRun iPhone,http://www.mapmyfitness.com/workout/7494203593
"Aug. 25, 2023","Aug. 25, 2023",Run,334,2.99871,1589,8.82709,2.31423,6.79726,25.9265,0,4301,b'',Map My Fitness MapMyRun iPhone,http://www.mapmyfitness.com/workout/7480399429
"Aug. 21, 2023","Aug. 21, 2023",Run,231,2.07702,1096,8.79163,6.56734,6.82468,9.13612,0,2968,b'',Map My Fitness MapMyRun iPhone,http://www.mapmyfitness.com/workout/7472504002
"Aug. 17, 2023","Aug. 17, 2023",Run,130,1.18908,580,8.12235,1.42331,7.38702,42.1553,0,1586,b'',Map My Fitness MapMyRun iPhone,http://www.mapmyfitness.com/workout/7463391148
"Aug. 14, 2023","Aug. 14, 2023",Run,335,3.00318,1565,8.68248,0.40641,6.91047,147.634,0,4244,b'',Map My Fitness MapMyRun iPhone,http://www.mapmyfitness.com/workout/7458354928
"July 24, 2023","July 24, 2023",Run,334,2.99905,1558,8.65306,0.379769,6.93396,157.991,0,4227,b'',Map My Fitness MapMyRun iPhone,http://www.mapmyfitness.com/workout/7416598669
"July 20, 2023","July 20, 2023",Run,334,2.99912,1585,8.80515,0.893411,6.81419,67.1584,0,4292,b'',Map My Fitness MapMyRun iPhone,http://www.mapmyfitness.com/workout/7408891147
"July 12, 2023","July 12, 2023",Run,559,4.9998,2731,9.1023,0.72511,6.59174,82.7461,0,7367,b'',Map My Fitness MapMyRun iPhone,http://www.mapmyfitness.com/workout/7392820828
"July 6, 2023","July 6, 2023",Run,217,1.99741,954,7.95823,1.22832,7.53936,48.8473,0,2615,b'',Map My Fitness MapMyRun iPhone,http://www.mapmyfitness.com/workout/7380323665
"July 3, 2023","July 3, 2023",Run,160,1.43608,781,9.05275,0.902012,6.62782,66.5179,0,2108,b'',Map My Fitness MapMyRun iPhone,http://www.mapmyfitness.com/workout/7374221092
"July 3, 2023","July 3, 2023",Run,183,1.66496,828,8.28477,1.35117,7.24221,44.4059,0,2258,b'',Map My Fitness MapMyRun iPhone,http://www.mapmyfitness.com/workout/7374200956
"June 15, 2023","June 15, 2023",Run,228,1.8996,1243,10.9038,0.48982,5.50265,122.494,0,3290,b'',Map My Fitness MapMyRun iPhone,http://www.mapmyfitness.com/workout/7339113586
"June 14, 2023","June 14, 2023",Run,177,1.51763,921,10.1122,0.960612,5.93344,62.4602,0,2456,b'',Map My Fitness MapMyRun iPhone,http://www.mapmyfitness.com/workout/7336774915
"May 28, 2023","May 28, 2023",Run,104,0.996994,440,7.33733,3.9874,8.17736,15.0474,0,1219,b'',Map My Fitness MapMyRun iPhone,http://www.mapmyfitness.com/workout/7300232017
"May 28, 2023","May 28, 2023",Run,104,0.997336,447,7.45779,5.76575,8.04528,10.4063,0,1236,b'',Map My Fitness MapMyRun iPhone,http://www.mapmyfitness.com/workout/7300203655
"May 2, 2023","May 2, 2023",Run,355,3.19105,1683,8.78842,0.570594,6.82716,105.154,0,4558,b'',Map My Fitness MapMyRun iPhone,http://www.mapmyfitness.com/workout/7248121114
"April 26, 2023","April 26, 2023",Run,279,2.50864,1343,8.92279,2.99701,6.72435,20.0199,0,3631,b'',Map My Fitness MapMyRun iPhone,http://www.mapmyfitness.com/workout/7236648664
"April 14, 2023","April 14, 2023",Run,343,3.10404,1556,8.35297,0.870554,7.18308,68.9216,0,4240,b'',Map My Fitness MapMyRun iPhone,http://www.mapmyfitness.com/workout/7212976591
"April 9, 2023","April 9, 2023",Run,148,1.30497,741,9.45001,0.412183,6.3492,145.566,0,1990,b'',Map My Fitness MapMyRun iPhone,http://www.mapmyfitness.com/workout/7202445112
"April 9, 2023","April 9, 2023",Run,109,0.998558,484,8.07696,5.29518,7.42854,11.3311,0,1324,b'',Map My Fitness MapMyRun iPhone,http://www.mapmyfitness.com/workout/7202427298
"April 2, 2023","April 2, 2023",Run,107,0.998834,466,7.76769,6.36945,7.7243,9.41996,0,1281,b'',Map My Fitness MapMyRun iPhone,http://www.mapmyfitness.com/workout/7189551088
"March 25, 2023","March 25, 2023",Run,288,2.58504,1369,8.82353,0.125042,6.8,479.84,0,3706,b'',Map My Fitness MapMyRun iPhone,http://www.mapmyfitness.com/workout/7175026420
"Oct. 24, 2022","Oct. 24, 2022",Run,194,1.62169,1057,10.8522,0.507314,5.52882,118.27,0,2799,b'',Map My Fitness MapMyRun iPhone,http://www.mapmyfitness.com/workout/6924768139
"Feb. 23, 2022","Feb. 23, 2022",Run,340,3.00668,1690,9.36994,0.882771,6.40345,67.9678,0,4544,b'',Map My Fitness MapMyRun iPhone,http://www.mapmyfitness.com/workout/6411354376
"Jan. 25, 2022","Jan. 25, 2022",Run,338,3.03597,1587,8.70813,3.67815,6.89012,16.3126,0,4303,b'',Map My Fitness MapMyRun iPhone,http://www.mapmyfitness.com/workout/6355535128
"Dec. 21, 2021","Dec. 21, 2021",Run,104,0.997816,449,7.39794,4.41647,8.11037,13.5855,0,1240,b'',Map My Fitness MapMyRun iPhone,http://www.mapmyfitness.com/workout/6292136611
"Nov. 23, 2021","Nov. 23, 2021",Run,114,1.00296,571,9.48038,2.86253,6.32886,20.9605,0,1533,b'',Map My Fitness MapMyRun iPhone,http://www.mapmyfitness.com/workout/6247333750
"Nov. 20, 2021","Nov. 20, 2021",Run,150,1.26323,804,10.5973,4.87192,5.66179,12.3155,0,2134,b'',Map My Fitness MapMyRun iPhone,http://www.mapmyfitness.com/workout/6241749982
"Nov. 16, 2021","Nov. 16, 2021",Run,50,0.436075,332,12.6771,9.38897,4.73293,6.39048,0,867,b'',Map My Fitness MapMyRun iPhone,http://www.mapmyfitness.com/workout/6234621511
"Nov. 15, 2021","Nov. 15, 2021",Walk,188,1.56147,1028,10.9619,1.05374,5.4735,56.9402,0,2583,b'',Map My Fitness MapMyRun iPhone,http://www.mapmyfitness.com/workout/6232424617
"Nov. 11, 2021","Nov. 11, 2021",Walk,151,1.35644,722,8.85192,1.33411,6.77819,44.9736,0,2062,b'',Map My Fitness MapMyRun iPhone,http://www.mapmyfitness.com/workout/6225178915
"Nov. 11, 2021","Nov. 11, 2021",Walk,147,1.22775,800,10.8549,0.248112,5.52747,241.827,0,2022,b'',Map My Fitness MapMyRun iPhone,http://www.mapmyfitness.com/workout/6225165226
"Nov. 10, 2021","Nov. 10, 2021",Walk,123,1.02051,678,11.0663,1.01344,5.42185,59.2045,0,1694,b'',Map My Fitness MapMyRun iPhone,http://www.mapmyfitness.com/workout/6221891002
"Nov. 7, 2021","Nov. 7, 2021",Walk,107,0.876151,595,11.3027,1.33688,5.30848,44.8806,0,1468,b'',Map My Fitness MapMyRun iPhone,http://www.mapmyfitness.com/workout/6215125957
"Nov. 5, 2021","Nov. 5, 2021",Walk,79,0.704418,384,9.07425,0.310917,6.61212,192.977,0,1081,b'',Map My Fitness MapMyRun iPhone,http://www.mapmyfitness.com/workout/6212522032
"Sept. 9, 2021","Sept. 9, 2021",Walk,62,0.749619,935,20.7859,10.5255,2.88657,5.70045,0,1707,b'',Map My Fitness MapMyRun iPhone,http://www.mapmyfitness.com/workout/6081493582
"Aug. 31, 2021","Aug. 31, 2021",Walk,116,0.99883,607,10.1255,0.516717,5.92561,116.118,0,1598,b'',Map My Fitness MapMyRun iPhone,http://www.mapmyfitness.com/workout/6058252573
"Aug. 30, 2021","Aug. 30, 2021",Walk,52,0.619095,818,21.9993,11.1951,2.72736,5.35949,0,1458,b'',Map My Fitness MapMyRun iPhone,http://www.mapmyfitness.com/workout/6053782027
"Aug. 20, 2021","Aug. 20, 2021",Run,81,0.68538,429,10.4226,1.31217,5.75674,45.7256,0,1140,b'',Map My Fitness MapMyRun iPhone,http://www.mapmyfitness.com/workout/6028014196
"Aug. 19, 2021","Aug. 19, 2021",Run,119,1.00324,636,10.5669,6.98286,5.67811,8.59247,0,1689,b'',Map My Fitness MapMyRun iPhone,http://www.mapmyfitness.com/workout/6025447570
"Aug. 12, 2021","Aug. 12, 2021",Run,151,1.29815,785,10.074,0.213363,5.95591,281.211,0,2094,b'',Map My Fitness MapMyRun iPhone,http://www.mapmyfitness.com/workout/6009045556
"Aug. 10, 2021","Aug. 10, 2021",Run,141,1.22921,712,9.64503,2.13498,6.22082,28.1033,0,1908,b'',Map My Fitness MapMyRun iPhone,http://www.mapmyfitness.com/workout/6003804337
"Aug. 4, 2021","Aug. 4, 2021",Run,124,1.10906,575,8.64075,4.67222,6.94385,12.8419,0,1560,b'',Map My Fitness MapMyRun iPhone,http://www.mapmyfitness.com/workout/5986300102
"Aug. 1, 2021","Aug. 1, 2021",Run,78,0.688244,527,12.7606,6.76177,4.70196,8.87342,0,1375,b'',Map My Fitness MapMyRun iPhone,http://www.mapmyfitness.com/workout/5977568146
"July 31, 2021","July 31, 2021",Run,171,1.50012,862,9.5779,0.712568,6.26442,84.2025,0,2312,b'',Map My Fitness MapMyRun iPhone,http://www.mapmyfitness.com/workout/5976165040
"July 26, 2021","July 26, 2021",Run,61,0.538833,302,9.34758,1.86233,6.41878,32.2178,0,812,b'',Map My Fitness MapMyRun iPhone,http://www.mapmyfitness.com/workout/5963951755
"July 23, 2021","July 23, 2021",Run,94,0.786664,507,10.743,6.34078,5.58504,9.46256,0,1344,b'',Map My Fitness MapMyRun iPhone,http://www.mapmyfitness.com/workout/5956040062
"July 22, 2021","July 22, 2021",Run,76,0.919523,1111,20.1263,8.74495,2.98117,6.86111,0,2811,b'',Map My Fitness MapMyRun iPhone,http://www.mapmyfitness.com/workout/5952884479
"July 15, 2021","July 15, 2021",Run,215,1.83082,1132,10.3001,1.46289,5.82518,41.0147,0,3013,b'',Map My Fitness MapMyRun iPhone,http://www.mapmyfitness.com/workout/5935616347
"July 14, 2021","July 14, 2021",Run,134,1.16559,878,12.5376,2.05521,4.78561,29.1942,0,2295,b'',Map My Fitness MapMyRun iPhone,http://www.mapmyfitness.com/workout/5932057744
"July 13, 2021","July 13, 2021",Run,149,1.27855,781,10.1762,1.18933,5.89612,50.4485,0,2081,b'',Map My Fitness MapMyRun iPhone,http://www.mapmyfitness.com/workout/5928790036
"July 10, 2021","July 10, 2021",Run,117,1.00186,607,10.0896,2.22527,5.94669,26.963,0,1619,b'',Map My Fitness MapMyRun iPhone,http://www.mapmyfitness.com/workout/5921096863
"July 7, 2021","July 7, 2021",Run,136,1.18052,700,9.87184,3.30154,6.0779,18.1734,0,1871,b'',Map My Fitness MapMyRun iPhone,http://www.mapmyfitness.com/workout/5913778750
"July 6, 2021","July 6, 2021",Run,177,1.47668,1048,11.8151,0.115695,5.07823,518.604,0,2753,b'',Map My Fitness MapMyRun iPhone,http://www.mapmyfitness.com/workout/5911118413
"July 4, 2021","July 4, 2021",Run,61,0.511152,327,10.6273,1.20389,5.64581,49.8386,0,867,b'',Map My Fitness MapMyRun iPhone,http://www.mapmyfitness.com/workout/5905912354
"July 1, 2021","July 1, 2021",Run,147,1.30538,726,9.26081,2.55528,6.47891,23.4808,0,1954,b'',Map My Fitness MapMyRun iPhone,http://www.mapmyfitness.com/workout/5897534083
"June 29, 2021","June 29, 2021",Run,169,1.471,856,9.69152,6.17602,6.19098,9.71499,0,2293,b'',Map My Fitness MapMyRun iPhone,http://www.mapmyfitness.com/workout/5892474001
"June 28, 2021","June 28, 2021",Run,140,1.24111,697,9.3615,3.90426,6.40923,15.3678,0,1874,b'',Map My Fitness MapMyRun iPhone,http://www.mapmyfitness.com/workout/5889506743
"June 27, 2021","June 27, 2021",Run,174,1.52864,869,9.46609,0.110313,6.33842,543.905,0,2334,b'',Map My Fitness MapMyRun iPhone,http://www.mapmyfitness.com/workout/5887465423
"June 26, 2021","June 26, 2021",Run,101,0.997642,388,6.478,4.55549,9.26211,13.1709,0,1095,b'',Map My Fitness MapMyRun iPhone,http://www.mapmyfitness.com/workout/5883586114
"June 23, 2021","June 23, 2021",Run,153,1.34188,764,9.47923,1.61425,6.32963,37.169,0,2051,b'',Map My Fitness MapMyRun iPhone,http://www.mapmyfitness.com/workout/5876419255
"June 23, 2021","June 21, 2021",Run,165,1.39843,880,10.491,1.30988,5.71918,45.8059,0,2338,b'',Map My Fitness MapMyRun iPhone,http://www.mapmyfitness.com/workout/5876419345
"June 21, 2021","June 17, 2021",Run,195,1.63596,1050,10.4334,3.06731,5.75079,19.5611,0,2784,b'',Map My Fitness MapMyRun iPhone,http://www.mapmyfitness.com/workout/5870167312
"June 15, 2021","June 15, 2021",Run,52,0.58691,551,15.6462,2.6348,3.8348,22.7722,0,1416,b'',Map My Fitness MapMyRun iPhone,http://www.mapmyfitness.com/workout/5854405570
"June 14, 2021","June 14, 2021",Run,182,1.55493,957,10.2544,1.96705,5.85114,30.5025,0,2548,b'',Map My Fitness MapMyRun iPhone,http://www.mapmyfitness.com/workout/5851663768
"June 13, 2021","June 13, 2021",Run,169,1.51274,819,9.00816,0.786133,6.66063,76.323,0,2211,b'',Map My Fitness MapMyRun iPhone,http://www.mapmyfitness.com/workout/5848689667
"June 10, 2021","June 10, 2021",Run,153,1.5618,1341,14.2968,7.6279,4.19673,7.86586,0,3468,b'',Map My Fitness MapMyRun iPhone,http://www.mapmyfitness.com/workout/5840056861
"June 9, 2021","June 9, 2021",Run,188,1.59315,1145,11.9754,3.92745,5.01026,15.2771,0,3005,b'',Map My Fitness MapMyRun iPhone,http://www.mapmyfitness.com/workout/5837632066
"June 7, 2021","June 7, 2021",Run,133,1.5499,1664,17.8823,6.17821,3.35528,9.71154,0,4239,b'',Map My Fitness MapMyRun iPhone,http://www.mapmyfitness.com/workout/5830566295
"June 5, 2021","June 5, 2021",Run,231,1.99788,1194,9.95706,5.68804,6.02587,10.5484,0,3189,b'',Map My Fitness MapMyRun iPhone,http://www.mapmyfitness.com/workout/5825313928
"June 4, 2021","June 4, 2021",Run,123,1.45789,1941,22.1912,3.59613,2.70378,16.6846,0,4886,b'',Map My Fitness MapMyRun iPhone,http://www.mapmyfitness.com/workout/5821935679
"June 2, 2021","June 2, 2021",Run,178,1.59915,1258,11.427,5.35789,5.25071,11.1984,0,3276,b'',Map My Fitness MapMyRun iPhone,http://www.mapmyfitness.com/workout/5816631022
"May 30, 2021","May 30, 2021",Run,168,1.47547,845,9.54927,0.999811,6.2832,60.0114,0,2267,b'',Map My Fitness MapMyRun iPhone,http://www.mapmyfitness.com/workout/5807047045
"May 24, 2021","May 24, 2021",Run,379,3.15371,2072,10.9276,2.20495,5.49066,27.2116,0,5482,b'',Map My Fitness MapMyRun iPhone,http://www.mapmyfitness.com/workout/5790010765
"May 22, 2021","May 22, 2021",Run,99,0.829455,537,10.7971,6.49593,5.55704,9.23655,0,1423,b'',Map My Fitness MapMyRun iPhone,http://www.mapmyfitness.com/workout/5782995583
"May 22, 2021","May 22, 2021",Run,115,1.00637,579,9.58482,0.488661,6.2599,122.785,0,1553,b'',Map My Fitness MapMyRun iPhone,http://www.mapmyfitness.com/workout/5782923271
"May 20, 2021","May 20, 2021",Run,101,1.00141,401,6.6647,4.99917,9.00265,12.002,0,1126,b'',Map My Fitness MapMyRun iPhone,http://www.mapmyfitness.com/workout/5778528265
"May 18, 2021","May 18, 2021",Run,94,0.809861,492,10.1157,8.43635,5.93138,7.11208,0,1312,b'',Map My Fitness MapMyRun iPhone,http://www.mapmyfitness.com/workout/5772640765
"May 18, 2021","May 18, 2021",Run,204,1.83275,971,8.83323,6.02551,6.79254,9.95766,0,2628,b'',Map My Fitness MapMyRun iPhone,http://www.mapmyfitness.com/workout/5772589342
"May 17, 2021","May 17, 2021",Run,227,1.99887,1136,9.45696,1.37218,6.34453,43.726,0,3051,b'',Map My Fitness MapMyRun iPhone,http://www.mapmyfitness.com/workout/5769530887
"May 17, 2021","May 17, 2021",Run,197,1.74514,980,9.36025,7.08187,6.41009,8.47234,0,2635,b'',Map My Fitness MapMyRun iPhone,http://www.mapmyfitness.com/workout/5768270398
"May 15, 2021","May 15, 2021",Run,190,1.65066,971,9.7941,1.67831,6.12614,35.7502,0,2598,b'',Map My Fitness MapMyRun iPhone,http://www.mapmyfitness.com/workout/5762771836
"May 14, 2021","May 14, 2021",Run,230,2.00275,1173,9.7632,1.38938,6.14552,43.1846,0,3140,b'',Map My Fitness MapMyRun iPhone,http://www.mapmyfitness.com/workout/5761359355
"May 13, 2021","May 13, 2021",Run,115,0.995347,597,9.98158,1.06662,6.01107,56.2527,0,1594,b'',Map My Fitness MapMyRun iPhone,http://www.mapmyfitness.com/workout/5758436347
"May 13, 2021","May 13, 2021",Run,197,1.69576,1018,10.0019,3.51741,5.99886,17.058,0,2718,b'',Map My Fitness MapMyRun iPhone,http://www.mapmyfitness.com/workout/5756714836
"May 7, 2021","May 7, 2021",Run,119,1.0037,642,10.6506,1.0443,5.6335,57.4547,0,1703,b'',Map My Fitness MapMyRun iPhone,http://www.mapmyfitness.com/workout/5740006567
"May 7, 2021","May 7, 2021",Run,118,1.00134,621,10.3218,6.2934,5.81296,9.5338,0,1652,b'',Map My Fitness MapMyRun iPhone,http://www.mapmyfitness.com/workout/5739900550
"May 7, 2021","May 7, 2021",Run,110,1.00008,499,8.30091,0.385605,7.22812,155.6,0,1360,b'',Map My Fitness MapMyRun iPhone,http://www.mapmyfitness.com/workout/5739817120
"May 6, 2021","May 6, 2021",Run,156,1.35219,800,9.86297,1.24263,6.08336,48.2847,0,2139,b'',Map My Fitness MapMyRun iPhone,http://www.mapmyfitness.com/workout/5736767290
"April 27, 2021","April 27, 2021",Run,25,0.209892,544,43.258,3.92725,1.38703,15.2779,0,1336,b'',Map My Fitness MapMyRun iPhone,http://www.mapmyfitness.com/workout/5709968404
"April 25, 2021","April 25, 2021",Run,349,3.00584,2220,12.3013,2.31023,4.87753,25.9715,0,5811,b'',Map My Fitness MapMyRun iPhone,http://www.mapmyfitness.com/workout/5703786997
"April 18, 2021","April 18, 2021",Run,351,3.04682,1798,9.83222,1.21022,6.10239,49.5778,0,4809,b'',Map My Fitness MapMyRun iPhone,http://www.mapmyfitness.com/workout/5681561809
"April 14, 2021","April 14, 2021",Run,188,2.26314,2686,19.7727,0.290482,3.03449,206.553,0,6802,b'',Map My Fitness MapMyRun iPhone,http://www.mapmyfitness.com/workout/5670900229
"April 13, 2021","April 13, 2021",Run,216,2.41406,2164,14.9394,1.47635,4.01621,40.6408,0,5579,b'',Map My Fitness MapMyRun iPhone,http://www.mapmyfitness.com/workout/5667813997
"April 7, 2021","April 7, 2021",Run,472,3.99731,2514,10.4806,4.61548,5.72486,12.9997,0,6680,b'',Map My Fitness MapMyRun iPhone,http://www.mapmyfitness.com/workout/5648237152
"April 6, 2021","April 6, 2021",Run,197,2.35173,3036,21.512,3.57029,2.78914,16.8053,0,7654,b'',Map My Fitness MapMyRun iPhone,http://www.mapmyfitness.com/workout/5645247400
"April 5, 2021","April 5, 2021",Run,203,2.35116,3450,24.4558,2.03552,2.4534,29.4764,0,8644,b'',Map My Fitness MapMyRun iPhone,http://www.mapmyfitness.com/workout/5641289491
"March 30, 2021","March 30, 2021",Run,204,2.44876,3016,20.5256,4.11263,2.92319,14.5892,0,7622,b'',Map My Fitness MapMyRun iPhone,http://www.mapmyfitness.com/workout/5622431554
"March 29, 2021","March 29, 2021",Run,166,2.00469,2414,20.0729,1.68029,2.9891,35.7082,0,6108,b'',Map My Fitness MapMyRun iPhone,http://www.mapmyfitness.com/workout/5619930637
"March 23, 2021","March 23, 2021",Run,230,1.99948,1176,9.80391,4.57241,6.12001,13.1222,0,3146,b'',Map My Fitness MapMyRun iPhone,http://www.mapmyfitness.com/workout/5599564069
"March 22, 2021","March 22, 2021",Run,162,1.94281,2293,19.672,2.14804,3.05003,27.9325,0,5809,b'',Map My Fitness MapMyRun iPhone,http://www.mapmyfitness.com/workout/5596540006
"March 22, 2021","March 21, 2021",Run,563,5.29874,4341,13.6503,1.10597,4.39549,54.2509,0,11267,b'',Map My Fitness MapMyRun iPhone,http://www.mapmyfitness.com/workout/5596394779
"March 20, 2021","March 20, 2021",Run,167,1.99859,2554,21.2938,1.95803,2.81772,30.643,0,6442,b'',Map My Fitness MapMyRun iPhone,http://www.mapmyfitness.com/workout/5589884254
"March 19, 2021","March 19, 2021",Run,177,1.9673,3079,26.0847,2.05631,2.3002,29.1785,0,7693,b'',Map My Fitness MapMyRun iPhone,http://www.mapmyfitness.com/workout/5586695605
"March 17, 2021","March 17, 2021",Run,159,1.91584,2360,20.5276,1.90826,2.92289,31.4422,0,5964,b'',Map My Fitness MapMyRun iPhone,http://www.mapmyfitness.com/workout/5580276586
"March 15, 2021","March 15, 2021",Run,93,0.964085,1668,28.8369,2.34185,2.08066,25.6208,0,4150,b'',Map My Fitness MapMyRun iPhone,http://www.mapmyfitness.com/workout/5574852061
"March 15, 2021","March 15, 2021",Run,122,1.39642,1444,17.2377,1.82961,3.48074,32.7939,0,3687,b'',Map My Fitness MapMyRun iPhone,http://www.mapmyfitness.com/workout/5574784003
"March 14, 2021","March 14, 2021",Run,532,4.45072,2888,10.8103,1.10464,5.55028,54.3163,0,7650,b'',Map My Fitness MapMyRun iPhone,http://www.mapmyfitness.com/workout/5570665966
"March 12, 2021","March 12, 2021",Run,246,2.85571,4183,24.4155,0.636483,2.45745,94.268,0,10481,b'',Map My Fitness MapMyRun iPhone,http://www.mapmyfitness.com/workout/5565380425
"March 12, 2021","March 10, 2021",Run,104,1.03932,1921,30.7627,3.7983,1.95042,15.7965,0,4768,b'',Map My Fitness MapMyRun iPhone,http://www.mapmyfitness.com/workout/5565380563
"March 5, 2021","March 5, 2021",Run,245,2.92451,3825,21.7902,4.2077,2.75353,14.2596,0,9637,b'',Map My Fitness MapMyRun iPhone,http://www.mapmyfitness.com/workout/5541781006
"March 3, 2021","March 3, 2021",Run,399,3.41676,2084,10.1607,3.6611,5.90509,16.3885,0,5555,b'',Map My Fitness MapMyRun iPhone,http://www.mapmyfitness.com/workout/5534340109
"Feb. 27, 2021","Feb. 27, 2021",Run,376,3.14239,2038,10.8063,0.579153,5.55233,103.6,0,5399,b'',Map My Fitness MapMyRun iPhone,http://www.mapmyfitness.com/workout/5521628464
"Feb. 23, 2021","Feb. 23, 2021",Run,273,2.2397,1520,11.3121,0.812863,5.30407,73.8132,0,4009,b'',Map My Fitness MapMyRun iPhone,http://www.mapmyfitness.com/workout/5506890865
"Feb. 21, 2021","Feb. 21, 2021",Run,395,3.32869,2123,10.6247,0.595379,5.64723,100.776,0,5633,b'',Map My Fitness MapMyRun iPhone,http://www.mapmyfitness.com/workout/5500049476
"Feb. 16, 2021","Feb. 16, 2021",Run,189,2.27281,2792,20.4713,0.332811,2.93093,180.282,0,7057,b'',Map My Fitness MapMyRun iPhone,http://www.mapmyfitness.com/workout/5487246319
"Feb. 9, 2021","Feb. 9, 2021",Run,188,2.23867,2959,22.0308,6.00755,2.72346,9.98743,0,7451,b'',Map My Fitness MapMyRun iPhone,http://www.mapmyfitness.com/workout/5464929505
"Feb. 6, 2021","Feb. 6, 2021",Run,171,2.01529,2833,23.4201,1.90178,2.5619,31.5494,0,7112,b'',Map My Fitness MapMyRun iPhone,http://www.mapmyfitness.com/workout/5454797773
"Feb. 2, 2021","Feb. 2, 2021",Run,97,1.12557,1182,17.4948,2.10608,3.4296,28.489,0,3015,b'',Map My Fitness MapMyRun iPhone,http://www.mapmyfitness.com/workout/5439363361
"Jan. 31, 2021","Jan. 31, 2021",Run,181,2.14634,2860,22.2003,1.7198,2.70267,34.8878,0,7199,b'',Map My Fitness MapMyRun iPhone,http://www.mapmyfitness.com/workout/5430483619
"Jan. 29, 2021","Jan. 29, 2021",Run,91,1.01372,1574,25.8618,4.36454,2.32003,13.7472,0,3934,b'',Map My Fitness MapMyRun iPhone,http://www.mapmyfitness.com/workout/5423099329
"Jan. 27, 2021","Jan. 27, 2021",Run,81,0.959114,1311,22.786,3.08109,2.6332,19.4737,0,3296,b'',Map My Fitness MapMyRun iPhone,http://www.mapmyfitness.com/workout/5411193877
"Jan. 27, 2021","Jan. 26, 2021",Run,84,1.00693,1181,19.5346,1.19565,3.07147,50.1818,0,2993,b'',Map My Fitness MapMyRun iPhone,http://www.mapmyfitness.com/workout/5411109304
"Jan. 24, 2021","Jan. 24, 2021",Run,167,2.0047,2364,19.6541,2.51531,3.0528,23.8539,0,5989,b'',Map My Fitness MapMyRun iPhone,http://www.mapmyfitness.com/workout/5394434761
"Jan. 19, 2021","Jan. 19, 2021",Run,92,1.07301,1168,18.1518,4.46693,3.30546,13.432,0,2973,b'',Map My Fitness MapMyRun iPhone,http://www.mapmyfitness.com/workout/5373831379
"Jan. 18, 2021","Jan. 18, 2021",Run,216,1.86157,1122,10.0359,3.45736,5.97856,17.3543,0,2994,b'',Map My Fitness MapMyRun iPhone,http://www.mapmyfitness.com/workout/5369765404
"Jan. 17, 2021","Jan. 17, 2021",Run,413,3.38462,2356,11.6022,1.04532,5.17142,57.3984,0,6200,b'',Map My Fitness MapMyRun iPhone,http://www.mapmyfitness.com/workout/5363785675
"Jan. 15, 2021","Jan. 15, 2021",Run,181,1.58016,918,9.6727,0.327689,6.20302,183.1,0,2459,b'',Map My Fitness MapMyRun iPhone,http://www.mapmyfitness.com/workout/5356097179
"Jan. 6, 2021","Jan. 6, 2021",Run,231,1.98783,1197,10.0309,0.935425,5.98154,64.142,0,3195,b'',Map My Fitness MapMyRun iPhone,http://www.mapmyfitness.com/workout/5299993456
"Jan. 2, 2021","Jan. 2, 2021",Run,347,3.01051,1775,9.82246,1.02906,6.10845,58.3057,0,4748,b'',Map My Fitness MapMyRun iPhone,http://www.mapmyfitness.com/workout/5249953204
"Dec. 24, 2020","Dec. 24, 2020",Run,345,3.15618,1529,8.07064,0.806143,7.43436,74.4285,0,4184,b'',Map My Fitness MapMyRun iPhone,http://www.mapmyfitness.com/workout/5193036922
"Dec. 24, 2020","Dec. 15, 2020",Run,155,1.84101,2093,18.9355,1.61179,3.16865,37.2257,0,5313,b'',Map My Fitness MapMyRun iPhone,http://www.mapmyfitness.com/workout/5192970385
"Dec. 15, 2020","Dec. 9, 2020",Run,14,0.174029,213,20.2046,5.30162,2.96962,11.3173,0,538,b'',Map My Fitness MapMyRun iPhone,http://www.mapmyfitness.com/workout/5139083758
"Nov. 15, 2020","Nov. 15, 2020",Run,234,2.02028,1206,9.94396,0.352564,6.03381,170.182,0,3222,b'',Map My Fitness MapMyRun iPhone,http://www.mapmyfitness.com/workout/4954452037
"Oct. 25, 2020","Oct. 25, 2020",Run,223,2.00209,1076,8.94608,1.14808,6.70685,52.2614,0,2908,b'',Map My Fitness MapMyRun iPhone,http://www.mapmyfitness.com/workout/4790372026
"Oct. 20, 2020","Oct. 20, 2020",Run,119,1.27413,1116,14.6023,3.8608,4.10894,15.5408,0,2882,b'',Map My Fitness MapMyRun iPhone,http://www.mapmyfitness.com/workout/4776812593
"Oct. 19, 2020","Oct. 19, 2020",Run,208,1.7757,1289,12.088,3.92513,4.96361,15.2861,0,3379,b'',Map My Fitness MapMyRun iPhone,http://www.mapmyfitness.com/workout/4773821002
"Oct. 12, 2020","Oct. 12, 2020",Run,108,0.898413,590,10.9445,0.991229,5.48218,60.5309,0,1561,b'',Map My Fitness MapMyRun iPhone,http://www.mapmyfitness.com/workout/4755157021
"Oct. 12, 2020","Sept. 27, 2020",Run,605,6.90844,10371,25.02,1.7341,2.39808,34.6002,0,25958,b'',Map My Fitness MapMyRun iPhone,http://www.mapmyfitness.com/workout/4755157180
"Sept. 9, 2020","Sept. 9, 2020",Run,90,1.01061,1559,25.7032,9.80439,2.33434,6.11971,0,3897,b'',Map My Fitness MapMyRun iPhone,http://www.mapmyfitness.com/workout/4661420803
"Sept. 1, 2020","Sept. 1, 2020",Run,15,0.133115,297,36.8942,6.23025,1.62627,9.63043,0,733,b'',Map My Fitness MapMyRun iPhone,http://www.mapmyfitness.com/workout/4638624217
"Aug. 26, 2020","Aug. 26, 2020",Run,117,0.996006,614,10.2559,3.32744,5.8503,18.0319,0,1635,b'',Map My Fitness MapMyRun iPhone,http://www.mapmyfitness.com/workout/4623032737
"Aug. 24, 2020","Aug. 24, 2020",Run,111,0.997907,524,8.74558,3.82242,6.86061,15.6969,0,1420,b'',Map My Fitness MapMyRun iPhone,http://www.mapmyfitness.com/workout/4617145822
"Aug. 23, 2020","Aug. 23, 2020",Run,107,0.997007,467,7.80775,0.879796,7.68468,68.1976,0,1283,b'',Map My Fitness MapMyRun iPhone,http://www.mapmyfitness.com/workout/4614245452
"Aug. 22, 2020","Aug. 22, 2020",Run,225,1.99594,1119,9.33769,2.36968,6.42558,25.3199,0,3010,b'',Map My Fitness MapMyRun iPhone,http://www.mapmyfitness.com/workout/4610692156
"Aug. 22, 2020","Aug. 20, 2020",Run,63,0.598005,1231,34.2336,5.47702,1.75266,10.9549,0,3044,b'',Map My Fitness MapMyRun iPhone,http://www.mapmyfitness.com/workout/4610692354
"Aug. 18, 2020","Aug. 18, 2020",Run,60,0.587862,1105,31.2473,3.91947,1.92017,15.3082,0,2741,b'',Map My Fitness MapMyRun iPhone,http://www.mapmyfitness.com/workout/4599683476
"Aug. 17, 2020","Aug. 17, 2020",Run,75,0.89055,1213,22.6447,3.18261,2.64962,18.8525,0,3050,b'',Map My Fitness MapMyRun iPhone,http://www.mapmyfitness.com/workout/4595374213
"Aug. 16, 2020","Aug. 16, 2020",Run,231,2.00124,1193,9.92993,4.64365,6.04234,12.9209,0,3187,b'',Map My Fitness MapMyRun iPhone,http://www.mapmyfitness.com/workout/4593102724
"Aug. 15, 2020","Aug. 15, 2020",Run,429,3.50367,2413,11.4728,4.94631,5.22975,12.1302,0,6356,b'',Map My Fitness MapMyRun iPhone,http://www.mapmyfitness.com/workout/4592097832
"Aug. 14, 2020","Aug. 14, 2020",Run,167,1.37937,966,11.662,3.67757,5.14491,16.3151,0,2541,b'',Map My Fitness MapMyRun iPhone,http://www.mapmyfitness.com/workout/4587861349
"Aug. 12, 2020","Aug. 12, 2020",Run,227,1.87819,1250,11.0806,0.543569,5.41487,110.382,0,3303,b'',Map My Fitness MapMyRun iPhone,http://www.mapmyfitness.com/workout/4582231180
"Aug. 11, 2020","Aug. 11, 2020",Run,218,1.80548,1196,11.0321,1.05181,5.4387,57.0444,0,3162,b'',Map My Fitness MapMyRun iPhone,http://www.mapmyfitness.com/workout/4579016167
"Aug. 8, 2020","Aug. 8, 2020",Run,191,1.66367,1254,12.5583,6.44125,4.77771,9.31496,0,3277,b'',Map My Fitness MapMyRun iPhone,http://www.mapmyfitness.com/workout/4571392246
"Aug. 6, 2020","Aug. 6, 2020",Run,266,2.26746,1649,12.1171,4.30086,4.9517,13.9507,0,4323,b'',Map My Fitness MapMyRun iPhone,http://www.mapmyfitness.com/workout/4565533861
"Aug. 6, 2020","Aug. 4, 2020",Run,108,1.2723,1420,18.5942,8.90728,3.22682,6.73606,0,3609,b'',Map My Fitness MapMyRun iPhone,http://www.mapmyfitness.com/workout/4565533996
"Aug. 1, 2020","Aug. 1, 2020",Run,61,0.64276,1074,24.5505,3.8068,2.44395,15.7613,0,2676,b'',Map My Fitness MapMyRun iPhone,http://www.mapmyfitness.com/workout/4551351760
"July 29, 2020","July 29, 2020",Run,218,1.80592,1196,11.0344,5.77815,5.43753,10.3839,0,3162,b'',Map My Fitness MapMyRun iPhone,http://www.mapmyfitness.com/workout/4542055180
"July 22, 2020","July 22, 2020",Walk,245,2.02231,1352,11.1444,0.42424,5.38389,141.429,0,3366,b'',Map My Fitness MapMyRun iPhone,http://www.mapmyfitness.com/workout/4521014236
"July 19, 2020","July 19, 2020",Walk,230,1.94044,1232,10.5781,2.54555,5.67209,23.5705,0,3161,b'',Map My Fitness MapMyRun iPhone,http://www.mapmyfitness.com/workout/4513112524
"July 16, 2020","July 16, 2020",Walk,351,2.9963,2179,12.1182,2.45486,4.95124,24.4413,0,5174,b'',Map My Fitness MapMyRun iPhone,http://www.mapmyfitness.com/workout/4504719472
"July 12, 2020","July 12, 2020",Walk,85,0.720313,458,10.5858,5.33983,5.66798,11.2363,0,1174,b'',Map My Fitness MapMyRun iPhone,http://www.mapmyfitness.com/workout/4492341991
"July 12, 2020","July 12, 2020",Walk,174,1.52596,880,9.60252,4.08537,6.24836,14.6866,0,2392,b'',Map My Fitness MapMyRun iPhone,http://www.mapmyfitness.com/workout/4492324606
"July 9, 2020","July 9, 2020",Walk,30,0.267251,146,9.10337,0.759413,6.59097,79.0084,0,410,b'',Map My Fitness MapMyRun iPhone,http://www.mapmyfitness.com/workout/4484312110
"July 5, 2020","July 5, 2020",Walk,234,1.99706,1228,10.2396,1.4149,5.8596,42.4057,0,3211,b'',Map My Fitness MapMyRun iPhone,http://www.mapmyfitness.com/workout/4471642561
"June 30, 2020","June 30, 2020",Walk,338,3.1752,1466,7.69519,1.60494,7.79708,37.3845,0,4591,b'',Map My Fitness MapMyRun iPhone,http://www.mapmyfitness.com/workout/4455721504
"June 28, 2020","June 28, 2020",Walk,436,3.60768,2535,11.7047,2.50186,5.12613,23.9822,0,6136,b'',Map My Fitness MapMyRun iPhone,http://www.mapmyfitness.com/workout/4449979840
"June 24, 2020","June 24, 2020",Walk,101,0.865318,633,12.1792,6.39103,4.92645,9.38816,0,1498,b'',Map My Fitness MapMyRun iPhone,http://www.mapmyfitness.com/workout/4436334736
"June 24, 2020","June 21, 2020",Walk,144,1.35659,2840,34.8917,7.39893,1.71961,8.10929,0,4304,b'',Map My Fitness MapMyRun iPhone,http://www.mapmyfitness.com/workout/4436334961
"June 19, 2020","June 19, 2020",Walk,69,0.814735,924,18.8964,7.94255,3.17521,7.55425,0,1758,b'',Map My Fitness MapMyRun iPhone,http://www.mapmyfitness.com/workout/4419874780
"June 19, 2020","June 11, 2020",Run,342,2.87965,1842,10.6552,2.07982,5.63104,28.8486,0,4886,b'',Map My Fitness MapMyRun iPhone,http://www.mapmyfitness.com/workout/4419816682
"June 11, 2020","May 29, 2020",Run,215,2.55616,2924,19.0232,4.67249,3.15405,12.8411,0,7420,b'',Map My Fitness MapMyRun iPhone,http://www.mapmyfitness.com/workout/4391431102
"May 29, 2020","May 29, 2020",Run,205,2.47004,2970,20.0373,7.32211,2.99441,8.19436,0,7516,b'',Map My Fitness MapMyRun iPhone,http://www.mapmyfitness.com/workout/4346033293
"May 29, 2020","May 23, 2020",Run,141,1.37518,2659,32.2287,3.34621,1.86169,17.9307,0,6589,b'',Map My Fitness MapMyRun iPhone,http://www.mapmyfitness.com/workout/4346034163
"May 17, 2020","May 17, 2020",Run,203,2.42522,3141,21.5094,6.93505,2.78947,8.6517,0,7917,b'',Map My Fitness MapMyRun iPhone,http://www.mapmyfitness.com/workout/4298488522
"May 10, 2020","May 10, 2020",Run,235,2.00984,1470,12.1917,5.74627,4.92136,10.4415,0,3851,b'',Map My Fitness MapMyRun iPhone,http://www.mapmyfitness.com/workout/4271290630
"April 25, 2020","April 25, 2020",Run,134,1.29615,569,7.31651,2.58023,8.20063,23.2538,0,1577,b'',Map My Fitness MapMyRun iPhone,http://www.mapmyfitness.com/workout/4212456232
"April 13, 2020","April 13, 2020",Run,667,5.99834,3201,8.89095,2.47883,6.74844,24.205,0,8657,b'',Map My Fitness MapMyRun iPhone,http://www.mapmyfitness.com/workout/4165052239
"March 31, 2020","March 31, 2020",Run,415,3.80555,1833,8.02568,4.62294,7.476,12.9787,0,5019,b'',Map My Fitness MapMyRun iPhone,http://www.mapmyfitness.com/workout/4121698441
"March 25, 2020","March 25, 2020",Run,102,1.00158,374,6.23334,3.59226,9.62565,16.7026,0,1062,b'',Map My Fitness MapMyRun iPhone,http://www.mapmyfitness.com/workout/4104641269
"March 25, 2020","March 25, 2020",Run,227,1.99522,1137,9.49576,5.20238,6.31861,11.5332,0,3053,b'',Map My Fitness MapMyRun iPhone,http://www.mapmyfitness.com/workout/4104616633
"March 25, 2020","March 18, 2020",Run,246,2.07525,1312,10.5314,1.15471,5.69724,51.9612,0,3484,b'',Map My Fitness MapMyRun iPhone,http://www.mapmyfitness.com/workout/4104616828
"March 17, 2020","March 17, 2020",Run,141,1.19135,755,10.5545,4.95071,5.68477,12.1195,0,2005,b'',Map My Fitness MapMyRun iPhone,http://www.mapmyfitness.com/workout/4085843800
"March 16, 2020","March 16, 2020",Run,222,1.99547,1035,8.64038,0.654613,6.94414,91.6572,0,2809,b'',Map My Fitness MapMyRun iPhone,http://www.mapmyfitness.com/workout/4083483958
"Jan. 3, 2020","Jan. 3, 2020",Run,205,2.00039,729,6.07055,1.81628,9.88378,33.0345,0,2078,b'',Map My Fitness MapMyRun iPhone,http://www.mapmyfitness.com/workout/3963100768
"July 8, 2019","July 8, 2019",Run,207,1.99863,698,5.81901,2.22087,10.311,27.0164,0,2003,b'',Map My Fitness MapMyRun iPhone,http://www.mapmyfitness.com/workout/3654037612
"July 7, 2019","July 7, 2019",Run,626,6.00066,2683,7.45026,1.82949,8.0534,32.796,0,7419,b'',Map My Fitness MapMyRun iPhone,http://www.mapmyfitness.com/workout/3651861952
"July 3, 2019","July 3, 2019",Run,29,0.250079,63,4.19298,3.17944,14.3096,18.8712,0,192,b'',Map My Fitness MapMyRun iPhone,http://www.mapmyfitness.com/workout/3644120974
"July 3, 2019","July 3, 2019",Run,28,0.250202,73,4.88338,3.66726,12.2866,16.361,0,216,b'',Map My Fitness MapMyRun iPhone,http://www.mapmyfitness.com/workout/3644113123
"July 3, 2019","July 3, 2019",Run,27,0.246625,69,4.66357,3.19068,12.8657,18.8048,0,206,b'',Map My Fitness MapMyRun iPhone,http://www.mapmyfitness.com/workout/3644104996
"July 3, 2019","July 3, 2019",Run,27,0.247997,72,4.77938,3.6585,12.5539,16.4001,0,214,b'',Map My Fitness MapMyRun iPhone,http://www.mapmyfitness.com/workout/3644095606
"July 3, 2019","July 3, 2019",Run,28,0.249813,67,4.42299,3.20922,13.5655,18.6961,0,202,b'',Map My Fitness MapMyRun iPhone,http://www.mapmyfitness.com/workout/3644086609
"July 2, 2019","July 2, 2019",Run,256,2.34427,1133,8.04824,3.73216,7.45505,16.0765,0,3101,b'',Map My Fitness MapMyRun iPhone,http://www.mapmyfitness.com/workout/3640956412
"July 1, 2019","July 1, 2019",Run,27,0.247176,71,4.7562,2.11766,12.6151,28.3332,0,211,b'',Map My Fitness MapMyRun iPhone,http://www.mapmyfitness.com/workout/3638786095
"July 1, 2019","July 1, 2019",Run,28,0.255347,79,5.20104,1.42171,11.5362,42.2027,0,232,b'',Map My Fitness MapMyRun iPhone,http://www.mapmyfitness.com/workout/3638773531
"July 1, 2019","July 1, 2019",Run,28,0.255898,79,5.09422,3.60398,11.7781,16.6483,0,232,b'',Map My Fitness MapMyRun iPhone,http://www.mapmyfitness.com/workout/3638758981
"July 1, 2019","July 1, 2019",Run,27,0.250546,70,4.5869,1.49655,13.0807,40.0921,0,209,b'',Map My Fitness MapMyRun iPhone,http://www.mapmyfitness.com/workout/3638741485
"July 1, 2019","June 28, 2019",Run,246,2.95481,3682,20.7329,1.78936,2.89395,33.5315,0,9300,b'',Map My Fitness MapMyRun iPhone,http://www.mapmyfitness.com/workout/3638741557
"June 26, 2019","June 26, 2019",Run,223,2.00209,1023,8.51526,3.91491,7.04617,15.326,0,2781,b'',Map My Fitness MapMyRun iPhone,http://www.mapmyfitness.com/workout/3629183863
"June 21, 2019","June 21, 2019",Run,103,0.998242,362,6.03662,2.56349,9.93933,23.4056,0,1032,b'',Map My Fitness MapMyRun iPhone,http://www.mapmyfitness.com/workout/3619692457
"June 15, 2019","June 15, 2019",Run,319,3.00532,1382,7.6618,4.81097,7.83106,12.4715,0,3807,b'',Map My Fitness MapMyRun iPhone,http://www.mapmyfitness.com/workout/3607797385
"June 4, 2019","June 4, 2019",Run,101,1.00191,394,6.54602,5.1585,9.16587,11.6313,0,1110,b'',Map My Fitness MapMyRun iPhone,http://www.mapmyfitness.com/workout/3585704371
"May 28, 2019","May 28, 2019",Run,103,0.998442,360,5.99927,4.10249,10.0012,14.6252,0,1028,b'',Map My Fitness MapMyRun iPhone,http://www.mapmyfitness.com/workout/3571001587
"May 13, 2019","May 13, 2019",Run,105,1.03776,416,6.63328,0.241138,9.04529,248.82,0,1168,b'',Map My Fitness MapMyRun iPhone,http://www.mapmyfitness.com/workout/3540491692
"May 7, 2019","May 7, 2019",Run,191,1.99873,774,6.44995,3.2522,9.3024,18.449,0,2185,b'',Map My Fitness MapMyRun iPhone,http://www.mapmyfitness.com/workout/3529367707
"May 4, 2019","May 4, 2019",Run,191,1.99768,841,7.01212,4.51864,8.55661,13.2783,0,2345,b'',Map My Fitness MapMyRun iPhone,http://www.mapmyfitness.com/workout/3523724251
"May 2, 2019","May 2, 2019",Run,190,1.99934,797,6.64278,1.86655,9.03236,32.1448,0,2240,b'',Map My Fitness MapMyRun iPhone,http://www.mapmyfitness.com/workout/3520129843
"April 26, 2019","April 26, 2019",Run,217,2.17612,995,7.61216,0.315628,7.88213,190.097,0,2743,b'',Map My Fitness MapMyRun iPhone,http://www.mapmyfitness.com/workout/3509009272
"April 19, 2019","April 19, 2019",Run,674,6.00748,2797,7.75633,2.16437,7.73561,27.7217,0,7693,b'',Map My Fitness MapMyRun iPhone,http://www.mapmyfitness.com/workout/3495298528
"March 17, 2019","March 17, 2019",Run,106,0.997036,360,6.00298,1.46803,9.99503,40.8712,0,1027,b'',Map My Fitness MapMyRun iPhone,http://www.mapmyfitness.com/workout/3431812639
"March 17, 2019","March 17, 2019",Run,221,2.00051,812,6.75998,3.81257,8.87577,15.7374,0,2276,b'',Map My Fitness MapMyRun iPhone,http://www.mapmyfitness.com/workout/3431787949
"March 4, 2019","March 4, 2019",Run,465,4.25329,1795,7.03264,0.638137,8.53165,94.0238,0,5003,b'',Map My Fitness MapMyRun iPhone,http://www.mapmyfitness.com/workout/3410427919
"Feb. 17, 2019","Feb. 17, 2019",Run,384,3.47117,1496,7.17787,0.730659,8.35902,82.1177,0,4158,b'',Map My Fitness MapMyRun iPhone,http://www.mapmyfitness.com/workout/3386159743
"Jan. 4, 2019","Jan. 4, 2019",Run,109,0.999424,415,6.91711,4.35309,8.67414,13.7833,0,1159,b'',Map My Fitness MapMyRun iPhone,http://www.mapmyfitness.com/workout/3314873677
"Jan. 3, 2019","Jan. 3, 2019",Run,365,3.24644,1450,7.44207,0.722616,8.06227,83.0317,0,4010,b'',Map My Fitness MapMyRun iPhone,http://www.mapmyfitness.com/workout/3313265677
"Dec. 31, 2018","Dec. 31, 2018",Run,808,7.20723,3375,7.80426,0.639173,7.68811,93.8713,0,9275,b'',Map My Fitness MapMyRun iPhone,http://www.mapmyfitness.com/workout/3308388370
"Dec. 26, 2018","Dec. 26, 2018",Run,332,3.00242,1296,7.18696,0.562829,8.34845,106.604,0,3601,b'',Map My Fitness MapMyRun iPhone,http://www.mapmyfitness.com/workout/3301858441
"Dec. 23, 2018","Dec. 23, 2018",Run,332,2.9989,1217,6.75506,2.98264,8.88222,20.1164,0,3411,b'',Map My Fitness MapMyRun iPhone,http://www.mapmyfitness.com/workout/3298532575
"Dec. 22, 2018","Dec. 22, 2018",Run,338,3.00333,1347,7.47427,0.598726,8.02754,100.213,0,3723,b'',Map My Fitness MapMyRun iPhone,http://www.mapmyfitness.com/workout/3296921581
"Dec. 21, 2018","Dec. 21, 2018",Run,562,5.00431,2314,7.70553,0.643504,7.78661,93.2395,0,6370,b'',Map My Fitness MapMyRun iPhone,http://www.mapmyfitness.com/workout/3296367394
"Dec. 16, 2018","Dec. 15, 2018",Run,45,0.402806,182,7.52736,4.94958,7.97092,12.1222,0,503,b'',Map My Fitness MapMyRun iPhone,http://www.mapmyfitness.com/workout/3290505649
"Dec. 13, 2018","Dec. 13, 2018",Run,66,0.609399,209,5.69524,0.569255,10.5351,105.401,0,602,b'',Map My Fitness MapMyRun iPhone,http://www.mapmyfitness.com/workout/3286915036
"Dec. 13, 2018","Dec. 13, 2018",Run,196,1.77677,721,6.76111,0.735061,8.87428,81.6259,0,2021,b'',Map My Fitness MapMyRun iPhone,http://www.mapmyfitness.com/workout/3286909150
"Dec. 11, 2018","Dec. 11, 2018",Run,451,4.08214,1596,6.51137,0.713592,9.21465,84.0816,0,4499,b'',Map My Fitness MapMyRun iPhone,http://www.mapmyfitness.com/workout/3284416861
"Dec. 9, 2018","Dec. 9, 2018",Run,335,3.01024,1210,6.69217,0.60681,8.9657,98.8778,0,3397,b'',Map My Fitness MapMyRun iPhone,http://www.mapmyfitness.com/workout/3281625247
"Dec. 9, 2018","Dec. 9, 2018",Run,110,1.00542,342,5.66721,0.527421,10.5872,113.761,0,986,b'',Map My Fitness MapMyRun iPhone,http://www.mapmyfitness.com/workout/3281599546
"Dec. 5, 2018","Dec. 5, 2018",Run,460,4.07596,1829,7.47269,0.73009,8.02924,82.1816,0,5055,b'',Map My Fitness MapMyRun iPhone,http://www.mapmyfitness.com/workout/3277305481
"Nov. 24, 2018","Nov. 24, 2018",Run,123,1.29318,1016,12.7496,2.54048,4.70602,23.6176,0,2646,b'',Map My Fitness MapMyRun iPhone,http://www.mapmyfitness.com/workout/3262118959
"Nov. 17, 2018","Nov. 17, 2018",Run,66,0.593109,266,7.451,0.761321,8.05261,78.8104,0,735,b'',Map My Fitness MapMyRun iPhone,http://www.mapmyfitness.com/workout/3253373122
"Nov. 17, 2018","Nov. 17, 2018",Run,169,1.5432,632,6.82858,0.68801,8.7866,87.208,0,1769,b'',Map My Fitness MapMyRun iPhone,http://www.mapmyfitness.com/workout/3253363945
"Nov. 17, 2018","Nov. 17, 2018",Run,179,1.64745,628,6.3487,0.622777,9.45075,96.3427,0,1777,b'',Map My Fitness MapMyRun iPhone,http://www.mapmyfitness.com/workout/3253349203
"Nov. 10, 2018","Nov. 10, 2018",Run,330,2.99817,1175,6.53065,5.12036,9.18745,11.7179,0,3311,b'',Map My Fitness MapMyRun iPhone,http://www.mapmyfitness.com/workout/3243758488
"Sept. 17, 2018","Sept. 17, 2018",Run,216,1.99696,752,6.2762,3.97307,9.55993,15.1017,0,2132,b'',Map My Fitness MapMyRun iPhone,http://www.mapmyfitness.com/workout/3151487884
"Aug. 8, 2018","Aug. 8, 2018",Run,334,3.02912,1230,6.76763,7.2726,8.86573,8.25014,0,3448,b'',Map My Fitness MapMyRun iPhone,http://www.mapmyfitness.com/workout/3070556380
"Aug. 7, 2018","Aug. 7, 2018",Run,106,0.966658,418,7.20696,4.26332,8.32528,14.0735,0,1161,b'',Map My Fitness MapMyRun iPhone,http://www.mapmyfitness.com/workout/3068002903
"Aug. 6, 2018","Aug. 6, 2018",Run,114,1.05285,360,5.69884,3.45961,10.5285,17.343,0,1037,b'',Map My Fitness MapMyRun iPhone,http://www.mapmyfitness.com/workout/3065822125
"Aug. 1, 2018","Aug. 1, 2018",Run,155,1.42907,544,6.34445,4.81717,9.45709,12.4555,0,1540,b'',Map My Fitness MapMyRun iPhone,http://www.mapmyfitness.com/workout/3055322044
"July 27, 2018","July 27, 2018",Run,21,0.19428,64,5.51008,9.80184,10.8891,6.1213,0,186,b'',Map My Fitness MapMyRun iPhone,http://www.mapmyfitness.com/workout/3044425903
"July 22, 2018","July 22, 2018",Run,658,5.99957,2566,7.12628,5.73643,8.41955,10.4595,0,7139,b'',Map My Fitness MapMyRun iPhone,http://www.mapmyfitness.com/workout/3034145623
"July 20, 2018","July 20, 2018",Run,82,0.75976,286,6.25765,4.42129,9.58827,13.5707,0,811,b'',Map My Fitness MapMyRun iPhone,http://www.mapmyfitness.com/workout/3029895331
"July 16, 2018","July 16, 2018",Run,215,2.00009,706,5.88178,4.51238,10.201,13.2968,0,2022,b'',Map My Fitness MapMyRun iPhone,http://www.mapmyfitness.com/workout/3021314392
"July 6, 2018","July 6, 2018",Run,498,4.4907,1800,6.68048,4.93304,8.98139,12.1629,0,5055,b'',Map My Fitness MapMyRun iPhone,http://www.mapmyfitness.com/workout/2999691349
"July 3, 2018","July 3, 2018",Run,84,0.771833,318,6.86677,4.02187,8.73773,14.9184,0,889,b'',Map My Fitness MapMyRun iPhone,http://www.mapmyfitness.com/workout/2993902807
"June 24, 2018","June 24, 2018",Run,329,3.00011,1159,6.43866,4.24556,9.31871,14.1324,0,3273,b'',Map My Fitness MapMyRun iPhone,http://www.mapmyfitness.com/workout/2974869151
"June 13, 2018","June 13, 2018",Run,200,1.75414,1179,11.2021,3.66772,5.35614,16.3589,0,3113,b'',Map My Fitness MapMyRun iPhone,http://www.mapmyfitness.com/workout/2951471413
"June 13, 2018","June 13, 2018",Run,172,1.60775,575,5.96071,7.59546,10.0659,7.89946,0,1644,b'',Map My Fitness MapMyRun iPhone,http://www.mapmyfitness.com/workout/2951374783
"May 23, 2018","May 23, 2018",Run,186,1.69746,698,6.85338,4.80542,8.75481,12.4859,0,1953,b'',Map My Fitness MapMyRun iPhone,http://www.mapmyfitness.com/workout/2906053960
"May 22, 2018","May 22, 2018",Run,332,2.99818,1193,6.6318,4.19314,9.04732,14.3091,0,3354,b'',Map My Fitness MapMyRun iPhone,http://www.mapmyfitness.com/workout/2903325322
"May 7, 2018","May 7, 2018",Generic,586,0,2400,0,0,0,0,,,b'',MyFitnessPal,http://www.mapmyfitness.com/workout/2870840071
"March 31, 2018","March 31, 2018",Run,275,2.53512,1058,6.95563,4.95351,8.62611,12.1126,0,2954,b'',Map My Fitness MapMyRun iPhone,http://www.mapmyfitness.com/workout/2794789997
"March 17, 2018","March 17, 2018",Run,332,3.00971,1305,7.2266,4.81985,8.30266,12.4485,0,3624,b'',Map My Fitness MapMyRun iPhone,http://www.mapmyfitness.com/workout/2768956895
"March 11, 2018","March 11, 2018",Run,544,5.00094,2085,6.9487,4.77598,8.63471,12.5629,0,5822,b'',Map My Fitness MapMyRun iPhone,http://www.mapmyfitness.com/workout/2758002607
"Jan. 15, 2018","Jan. 15, 2018",Run,109,0.998737,413,6.89204,4.94941,8.7057,12.1227,0,1155,b'',Map My Fitness MapMyRun iPhone,http://www.mapmyfitness.com/workout/2659879399
"Jan. 7, 2018","Jan. 7, 2018",Run,328,3.01357,1274,7.0459,4.10682,8.51558,14.6099,0,3550,b'',Map My Fitness MapMyRun iPhone,http://www.mapmyfitness.com/workout/2646795889
"Jan. 3, 2018","Jan. 3, 2018",Run,333,3.00051,1196,6.64331,4.57648,9.03164,13.1105,0,3361,b'',Map My Fitness MapMyRun iPhone,http://www.mapmyfitness.com/workout/2640879763
"Jan. 3, 2018","Dec. 31, 2017",Run,442,4.00903,1735,7.21288,5.03088,8.31845,11.9263,0,4819,b'',Map My Fitness MapMyRun iPhone,http://www.mapmyfitness.com/workout/2640848530
"Dec. 30, 2017","Dec. 30, 2017",Run,111,1.03542,383,6.165,4.56896,9.73236,13.1321,0,1089,b'',Map My Fitness MapMyRun iPhone,http://www.mapmyfitness.com/workout/2635454920
"Dec. 27, 2017","Dec. 27, 2017",Run,324,3.00262,1112,6.17239,3.93765,9.7207,15.2375,0,3161,b'',Map My Fitness MapMyRun iPhone,http://www.mapmyfitness.com/workout/2632151086
"Dec. 15, 2017","Dec. 15, 2017",Run,310,2.801,1371,8.1578,5.12969,7.35492,11.6966,0,3747,b'',Map My Fitness MapMyRun iPhone,http://www.mapmyfitness.com/workout/2618401870
"Nov. 19, 2017","Nov. 19, 2017",Run,434,4.00273,1666,6.93693,3.33161,8.64936,18.0093,0,4653,b'',Map My Fitness MapMyRun iPhone,http://www.mapmyfitness.com/workout/2583702730
"Nov. 18, 2017","Nov. 18, 2017",Run,656,5.99946,2462,6.83951,4.29702,8.77256,13.9632,0,6890,b'',Map My Fitness MapMyRun iPhone,http://www.mapmyfitness.com/workout/2582303938
"Nov. 5, 2017","Nov. 5, 2017",Run,208,1.8944,770,6.77436,4.58199,8.85693,13.0948,0,2158,b'',Map My Fitness MapMyRun iPhone,http://www.mapmyfitness.com/workout/2561256376
"Oct. 21, 2017","Oct. 21, 2017",Run,215,2.00633,739,6.13892,3.90625,9.77371,15.36,0,2102,b'',Map My Fitness MapMyRun iPhone,http://www.mapmyfitness.com/workout/2536166253
"Oct. 13, 2017","Oct. 13, 2017",Run,18,0.208274,56,4.48128,2.86504,13.389,20.9421,0,169,b'',Map My Fitness MapMyRun iPhone,http://www.mapmyfitness.com/workout/2520858473
"Oct. 13, 2017","Oct. 13, 2017",Run,17,0.200127,53,4.41385,3.42111,13.5936,17.5382,0,160,b'',Map My Fitness MapMyRun iPhone,http://www.mapmyfitness.com/workout/2520855003
"Oct. 13, 2017","Oct. 13, 2017",Run,15,0.175699,48,4.55325,3.10994,13.1774,19.2929,0,144,b'',Map My Fitness MapMyRun iPhone,http://www.mapmyfitness.com/workout/2520852951
"Oct. 13, 2017","Oct. 13, 2017",Run,101,0.929054,384,6.88873,4.69697,8.70988,12.7742,0,1074,b'',Map My Fitness MapMyRun iPhone,http://www.mapmyfitness.com/workout/2520837201
"Aug. 17, 2017","Aug. 17, 2017",Run,325,0,1440,0,0,0,0,,,b'',MyFitnessPal,http://www.mapmyfitness.com/workout/2405305895
"Aug. 17, 2017","Aug. 17, 2017",Run,332,2.99655,1421,7.90354,5.00668,7.59153,11.984,0,3899,b'',Map My Fitness MapMyRun iPhone,http://www.mapmyfitness.com/workout/2404918664
"Aug. 17, 2017","Aug. 14, 2017",Run,330,3.00837,1301,7.20766,3.93916,8.32447,15.2317,0,3614,b'',Map My Fitness MapMyRun iPhone,http://www.mapmyfitness.com/workout/2404869107
"Aug. 1, 2017","Aug. 1, 2017",Run,108,1.00218,346,5.75414,4.06215,10.4273,14.7705,0,995,b'',Map My Fitness MapMyRun iPhone,http://www.mapmyfitness.com/workout/2369973785
"July 11, 2017","July 11, 2017",Indoor Sport / Other Activity,29,0,359,0,0,0,0,0,0,b'',Map My Fitness MapMyRun iPhone,http://www.mapmyfitness.com/workout/2323494398
"July 11, 2017","July 6, 2017",Indoor Sport / Other Activity,251,0,3024,0,0,0,0,120,0,b'',Map My Fitness MapMyRun iPhone,http://www.mapmyfitness.com/workout/2323494476
"July 6, 2017","July 6, 2017",Indoor Sport / Other Activity,1,0,10,0,0,0,0,0,0,b'',Map My Fitness MapMyRun iPhone,http://www.mapmyfitness.com/workout/2312226686
"July 5, 2017","July 5, 2017",Walk,118,1.10768,403,6.06374,1.19547,9.89489,50.1894,0,1487,b'',Map My Fitness MapMyRun iPhone,http://www.mapmyfitness.com/workout/2310223688
"July 5, 2017","July 5, 2017",Run,663,5.99744,2891,8.03399,5.11151,7.46827,11.7382,0,7916,b'',Map My Fitness MapMyRun iPhone,http://www.mapmyfitness.com/workout/2310203735
"July 4, 2017","July 4, 2017",Run,570,5.13759,2428,7.87658,4.26316,7.61752,14.0741,0,6665,b'',Map My Fitness MapMyRun iPhone,http://www.mapmyfitness.com/workout/2307838709
"July 4, 2017","July 3, 2017",Indoor Sport / Other Activity,167,0,2021,0,0,0,0,0,0,b'',Map My Fitness MapMyRun iPhone,http://www.mapmyfitness.com/workout/2307784826
"July 2, 2017","July 2, 2017",Indoor Sport / Other Activity,277,0,3339,0,0,0,0,106,0,b'',Map My Fitness MapMyRun iPhone,http://www.mapmyfitness.com/workout/2303121872
"June 17, 2017","June 17, 2017",Run,334,2.99938,1331,7.39596,4.51095,8.11253,13.301,0,3684,b'',Map My Fitness MapMyRun iPhone,http://www.mapmyfitness.com/workout/2269909397
"June 9, 2017","June 9, 2017",Run,556,5.00307,2211,7.36548,4.30306,8.1461,13.9436,0,6123,b'',Map My Fitness MapMyRun iPhone,http://www.mapmyfitness.com/workout/2251628513
"June 6, 2017","June 6, 2017",Run,549,5.01834,2155,7.15708,4.00865,8.38331,14.9676,0,5992,b'',Map My Fitness MapMyRun iPhone,http://www.mapmyfitness.com/workout/2244576080
"June 5, 2017","June 5, 2017",Run,670,6.01257,2676,7.4178,4.98963,8.08865,12.0249,0,7404,b'',Map My Fitness MapMyRun iPhone,http://www.mapmyfitness.com/workout/2242316993
"June 2, 2017","June 2, 2017",Run,332,2.99659,1434,7.97573,3.4545,7.52282,17.3686,0,3930,b'',Map My Fitness MapMyRun iPhone,http://www.mapmyfitness.com/workout/2235544490
"May 24, 2017","May 24, 2017",Run,323,3.00391,1119,6.20857,4.39655,9.66406,13.6471,0,3178,b'',Map My Fitness MapMyRun iPhone,http://www.mapmyfitness.com/workout/2215598210
"May 21, 2017","May 21, 2017",Run,330,3.00254,1183,6.56667,4.575,9.13705,13.1148,0,3331,b'',Map My Fitness MapMyRun iPhone,http://www.mapmyfitness.com/workout/2208559205
"May 20, 2017","May 20, 2017",Run,325,3.00417,1133,6.28571,4.16343,9.54546,14.4112,0,3211,b'',Map My Fitness MapMyRun iPhone,http://www.mapmyfitness.com/workout/2206360601
"May 10, 2017","May 10, 2017",Run,328,3.00301,1228,6.81538,4.7104,8.80361,12.7378,0,3438,b'',Map My Fitness MapMyRun iPhone,http://www.mapmyfitness.com/workout/2184145403
"May 9, 2017","May 9, 2017",Run,179,1.62658,640,6.55771,4.49423,9.14953,13.3505,0,1802,b'',Map My Fitness MapMyRun iPhone,http://www.mapmyfitness.com/workout/2181678686
"April 28, 2017","April 28, 2017",Run,363,3.25731,1452,7.42944,4.37417,8.07598,13.7169,0,4017,b'',Map My Fitness MapMyRun iPhone,http://www.mapmyfitness.com/workout/2157138881
"April 13, 2017","April 13, 2017",Run,327,2.9965,1159,6.44642,4.5231,9.30749,13.2653,173,3272,b'',Map My Fitness MapMyRun iPhone,http://www.mapmyfitness.com/workout/2124648146
"April 12, 2017","April 12, 2017",Run,546,5.00147,2139,7.12791,4.44621,8.41762,13.4947,0,5951,b'',Map My Fitness MapMyRun iPhone,http://www.mapmyfitness.com/workout/2122421840
"April 11, 2017","April 11, 2017",Run,437,3.9033,1763,7.52782,3.93538,7.97043,15.2463,0,4868,b'',Map My Fitness MapMyRun iPhone,http://www.mapmyfitness.com/workout/2119935707
"April 11, 2017","April 10, 2017",Walk,109,1.33168,2305,28.8483,7.43376,2.07984,8.07128,0,3714,b'',Map My Fitness MapMyRun iPhone,http://www.mapmyfitness.com/workout/2119867742
"April 8, 2017","April 8, 2017",Run,451,4.04434,1799,7.41366,4.72709,8.09317,12.6928,168,4978,b'',Map My Fitness MapMyRun iPhone,http://www.mapmyfitness.com/workout/2113029626
"March 18, 2017","March 18, 2017",Run,441,3.99997,1745,7.27089,4.51542,8.25208,13.2878,0,4841,b'',Map My Fitness MapMyRun iPhone,http://www.mapmyfitness.com/workout/2069552819
"March 11, 2017","March 11, 2017",Run,875,8.00578,3426,7.13235,4.0295,8.41238,14.8902,167,9531,b'',Map My Fitness MapMyRun iPhone,http://www.mapmyfitness.com/workout/2057602163
"March 8, 2017","March 8, 2017",Run,512,4.63652,2255,8.10593,5.0219,7.40199,11.9477,164,6167,b'',Map My Fitness MapMyRun iPhone,http://www.mapmyfitness.com/workout/2052101324
"March 6, 2017","March 6, 2017",Run,333,3.0178,1469,8.11296,4.65633,7.39557,12.8857,167,4017,b'',Map My Fitness MapMyRun iPhone,http://www.mapmyfitness.com/workout/2047823972
"March 2, 2017","March 2, 2017",Run,509,4.55942,2100,7.67641,4.66946,7.81615,12.8494,0,5784,b'',Map My Fitness MapMyRun iPhone,http://www.mapmyfitness.com/workout/2040811751
"Feb. 14, 2017","Feb. 14, 2017",Run,373,3.33005,1500,7.5074,4.95282,7.99212,12.1143,174,4144,b'',Map My Fitness MapMyRun iPhone,http://www.mapmyfitness.com/workout/2009288486
"Jan. 11, 2017","Jan. 11, 2017",Run,323,3.00078,1118,6.2095,3.9172,9.66262,15.3171,173,3175,b'',Map My Fitness MapMyRun iPhone,http://www.mapmyfitness.com/workout/1947423368
"Jan. 9, 2017","Jan. 9, 2017",Run,447,4.00271,1790,7.45328,4.71738,8.05015,12.7189,166,4949,b'',Map My Fitness MapMyRun iPhone,http://www.mapmyfitness.com/workout/1943691653
"Jan. 4, 2017","Jan. 4, 2017",Run,331,3.00125,1191,6.61392,4.91633,9.07177,12.2042,0,3350,b'',Map My Fitness MapMyRun iPhone,http://www.mapmyfitness.com/workout/1935925484
"Jan. 2, 2017","Jan. 2, 2017",Run,131,1.19082,473,6.62009,4.57038,9.06332,13.128,159,1330,b'',Map My Fitness MapMyRun iPhone,http://www.mapmyfitness.com/workout/1932251369
"Dec. 22, 2016","Dec. 22, 2016",Run,520,4.77535,2032,7.09197,4.78554,8.46027,12.5378,170,5657,b'',Map My Fitness MapMyRun iPhone,http://www.mapmyfitness.com/workout/1918188131
"Dec. 20, 2016","Dec. 20, 2016",Run,260,2.40584,1009,6.98994,4.93111,8.58376,12.1676,174,2815,b'',Map My Fitness MapMyRun iPhone,http://www.mapmyfitness.com/workout/1915812269
"Dec. 19, 2016","Dec. 19, 2016",Run,329,3.00939,1173,6.49633,4.27274,9.23599,14.0425,170,3308,b'',Map My Fitness MapMyRun iPhone,http://www.mapmyfitness.com/workout/1914683066
"Dec. 11, 2016","Dec. 11, 2016",Run,324,3.00144,1130,6.27477,3.89033,9.5621,15.4229,155,3204,b'',Map My Fitness MapMyRun iPhone,http://www.mapmyfitness.com/workout/1905709625
"Dec. 6, 2016","Dec. 6, 2016",Run,327,3.00093,1152,6.39802,4.26688,9.37791,14.0618,171,3256,b'',Map My Fitness MapMyRun iPhone,http://www.mapmyfitness.com/workout/1899661634
"Nov. 26, 2016","Nov. 26, 2016",Run,322,3.0032,1106,6.13789,4.66744,9.77535,12.855,172,3147,b'',Map My Fitness MapMyRun iPhone,http://www.mapmyfitness.com/workout/1885407830
"Nov. 24, 2016","Nov. 24, 2016",Run,325,3.0024,1146,6.36157,4.76221,9.43164,12.5992,0,3242,b'',Map My Fitness MapMyRun iPhone,http://www.mapmyfitness.com/workout/1882170440
"Nov. 3, 2016","Nov. 3, 2016",Run,106,1.00885,364,6.01342,4.66465,9.97768,12.8627,0,1039,b'',Map My Fitness MapMyRun iPhone,http://www.mapmyfitness.com/workout/1848122840
"Nov. 1, 2016","Nov. 1, 2016",Run,327,3.00289,1163,6.45489,3.99865,9.29528,15.005,0,3283,b'',Map My Fitness MapMyRun iPhone,http://www.mapmyfitness.com/workout/1844169470
"Oct. 27, 2016","Oct. 27, 2016",Run,131,1.19897,489,6.7975,4.88906,8.82678,12.2723,0,1370,b'',Map My Fitness MapMyRun iPhone,http://www.mapmyfitness.com/workout/1835538872
"Oct. 22, 2016","Oct. 22, 2016",Run,328,3.00353,1172,6.50346,4.75345,9.22586,12.6224,0,3305,b'',Map My Fitness MapMyRun iPhone,http://www.mapmyfitness.com/workout/1826090099
"Sept. 10, 2016","Sept. 10, 2016",Run,333,3.00458,1387,7.69859,4.82295,7.79363,12.4405,0,3819,b'',Map My Fitness MapMyRun iPhone,http://www.mapmyfitness.com/workout/1739216507
"May 28, 2016","May 28, 2016",Run,329,3.00269,1306,7.25218,5.37442,8.27337,11.164,0,3625,b'',Map My Fitness MapMyRun iPhone,http://www.mapmyfitness.com/workout/1498744673
"May 28, 2016","May 24, 2016",Run,331,2.99947,1325,7.36726,4.38819,8.14414,13.6731,0,3670,b'',Map My Fitness MapMyRun iPhone,http://www.mapmyfitness.com/workout/1498715906
"May 12, 2016","May 12, 2016",Run,347,3.11565,1400,7.49115,5.00945,8.00945,11.9774,0,3869,b'',Map My Fitness MapMyRun iPhone,http://www.mapmyfitness.com/workout/1471215327
"April 1, 2016","April 1, 2016",Run,0,2.99691,1216,6.76801,4.65333,8.86524,12.894,0,6592,b'',Map My Fitness MapMyRun iPhone,http://www.mapmyfitness.com/workout/1409988775
"Jan. 24, 2016","Jan. 24, 2016",Run,0,2.99942,1288,7.15951,4.80869,8.38046,12.4774,0,6598,b'',Map My Fitness MapMyRun iPhone,http://www.mapmyfitness.com/workout/1321461433
"Jan. 21, 2016","Jan. 21, 2016",Run,0,3.00593,1242,6.88668,4.48797,8.71247,13.3691,0,6612,b'',Map My Fitness MapMyRun iPhone,http://www.mapmyfitness.com/workout/1318150911
"Dec. 28, 2015","Dec. 28, 2015",Run,0,3.00062,1241,6.89579,5.04626,8.70096,11.89,0,6600,b'',Map My Fitness MapMyRun iPhone,http://www.mapmyfitness.com/workout/1290311179
"Dec. 18, 2015","Dec. 18, 2015",Run,0,3.00509,1266,7.02264,4.8816,8.5438,12.2911,0,6610,b'',Map My Fitness MapMyRun iPhone,http://www.mapmyfitness.com/workout/1282212137
"Nov. 19, 2015","Nov. 19, 2015",Run,0,2.58778,1047,6.74628,4.58992,8.89378,13.0721,0,5692,b'',Map My Fitness MapMyRun iPhone,http://www.mapmyfitness.com/workout/1254944297
"Nov. 14, 2015","Nov. 14, 2015",Run,0,2.00218,793,6.60691,4.24304,9.0814,14.1408,0,4404,b'',Map My Fitness MapMyRun iPhone,http://www.mapmyfitness.com/workout/1249245403
"Nov. 9, 2015","Nov. 9, 2015",Run,0,0.985005,367,6.22055,3.71618,9.64545,16.1456,0,2167,b'',Map My Fitness MapMyRun iPhone,http://www.mapmyfitness.com/workout/1243822939
"Nov. 9, 2015","Nov. 9, 2015",Run,0,3.00425,1239,6.87536,3.75677,8.72681,15.9712,0,6608,b'',Map My Fitness MapMyRun iPhone,http://www.mapmyfitness.com/workout/1243788251
"Nov. 6, 2015","Nov. 6, 2015",Run,0,0.986335,367,6.20415,4.35796,9.67094,13.7679,,2170,b'',Map My Fitness MapMyRun iPhone,http://www.mapmyfitness.com/workout/1240293649
"Nov. 6, 2015","Nov. 6, 2015",Run,0,2.99841,1213,6.74371,4.35135,8.89719,13.7888,0,6595,b'',Map My Fitness MapMyRun iPhone,http://www.mapmyfitness.com/workout/1240276581
"Nov. 2, 2015","Nov. 2, 2015",Run,0,0.956474,374,6.53107,4.43509,9.18686,13.5285,0,2104,b'',Map My Fitness MapMyRun iPhone,http://www.mapmyfitness.com/workout/1235136943
"Nov. 2, 2015","Nov. 2, 2015",Run,0,3.01581,1262,6.97667,4.99804,8.60009,12.0047,0,6634,b'',Map My Fitness MapMyRun iPhone,http://www.mapmyfitness.com/workout/1235123411
"Nov. 1, 2015","Nov. 1, 2015",Run,0,2.9229,1245,7.10062,4.86765,8.44997,12.3263,0,6429,b'',Map My Fitness MapMyRun iPhone,http://www.mapmyfitness.com/workout/1233872981
"Oct. 30, 2015","Oct. 30, 2015",Run,0,3.00915,1340,7.42608,4.79654,8.07963,12.509,0,6619,b'',Map My Fitness MapMyRun iPhone,http://www.mapmyfitness.com/workout/1231582509
