recommendation,source_info,source_package_name,binning_data,create_time,deviceuuid,modify_sh_ver,active_time,speed,achievement,healthy_step,create_sh_ver,datauuid,walk_step_count,run_step_count,day_time,calorie,distance,step_count,update_time,pkg_name,
6000,,com.sec.android.app.shealth,e8db56cc-48fb-4a99-9a23-150665fc7c40.binning_data,"04/30/2024, 12:17:49 PM",xtfbSOmziO,,5200463,2.333333,e8db56cc-48fb-4a99-9a23-150665fc7c40.achievement,0,,e8db56cc-48fb-4a99-9a23-150665fc7c40,9164,0,1714089600000,321.489990,6858.598145,9164,"04/30/2024, 12:17:49 PM",com.sec.android.app.shealth,
6000,,com.sec.android.app.shealth,e403fd9a-e157-4130-bae2-c76ea14c38a7.binning_data,"04/30/2024, 12:17:49 PM",xtfbSOmziO,,13855977,2.655528,e403fd9a-e157-4130-bae2-c76ea14c38a7.achievement,0,,e403fd9a-e157-4130-bae2-c76ea14c38a7,16815,12326,1714176000000,1459.959961,24145.513672,29141,"04/30/2024, 12:17:49 PM",com.sec.android.app.shealth,
6000,,com.sec.android.app.shealth,cea269d6-a939-45e6-9fc9-8f372d33121e.binning_data,"04/30/2024, 12:17:49 PM",xtfbSOmziO,,144767,1.833333,cea269d6-a939-45e6-9fc9-8f372d33121e.achievement,0,,cea269d6-a939-45e6-9fc9-8f372d33121e,292,0,1714262400000,11.750000,209.259995,292,"04/30/2024, 12:17:49 PM",com.sec.android.app.shealth,
6000,,com.sec.android.app.shealth,c6051035-9994-4628-83eb-0b45a8293fbd.binning_data,"04/30/2024, 12:17:49 PM",xtfbSOmziO,,2087210,1.972222,c6051035-9994-4628-83eb-0b45a8293fbd.achievement,0,,c6051035-9994-4628-83eb-0b45a8293fbd,3722,3,1714348800000,130.059998,2798.310059,3725,"04/30/2024, 12:17:49 PM",com.sec.android.app.shealth,
6000,,com.sec.android.app.shealth,153323b1-74ed-4ab8-a629-ea762ec1637b.binning_data,"04/30/2024, 12:17:50 PM",xtfbSOmziO,,4971086,2.725833,153323b1-74ed-4ab8-a629-ea762ec1637b.achievement,0,,153323b1-74ed-4ab8-a629-ea762ec1637b,4551,6641,1714435200000,626.507690,9759.659180,11192,"04/30/2024, 1:53:45 PM",com.sec.android.app.shealth,
6000,,com.sec.android.app.shealth,a6fa148b-da6e-4ab6-b140-e3bb5e64f096.binning_data,"04/30/2024, 12:17:50 PM",VfS0qUERdZ,,5200542,1.318823,a6fa148b-da6e-4ab6-b140-e3bb5e64f096.achievement,0,,a6fa148b-da6e-4ab6-b140-e3bb5e64f096,9164,0,1714089600000,321.489990,6858.598145,9164,"04/30/2024, 12:17:50 PM",com.sec.android.app.shealth,
6000,,com.sec.android.app.shealth,e9a05d5f-cd41-4fef-a1a5-80442c418f46.binning_data,"04/30/2024, 12:17:50 PM",VfS0qUERdZ,,13860203,1.742075,e9a05d5f-cd41-4fef-a1a5-80442c418f46.achievement,0,,e9a05d5f-cd41-4fef-a1a5-80442c418f46,16815,12326,1714176000000,1459.959961,24145.513672,29141,"04/30/2024, 12:17:50 PM",com.sec.android.app.shealth,
6000,,com.sec.android.app.shealth,abfbe6df-ce91-47d1-8ae6-e1408348b83a.binning_data,"04/30/2024, 12:17:50 PM",VfS0qUERdZ,,144770,1.445459,abfbe6df-ce91-47d1-8ae6-e1408348b83a.achievement,0,,abfbe6df-ce91-47d1-8ae6-e1408348b83a,292,0,1714262400000,11.750000,209.259995,292,"04/30/2024, 12:17:50 PM",com.sec.android.app.shealth,
6000,,com.sec.android.app.shealth,5c4e41ed-9e8c-4ff6-9421-f3498477a425.binning_data,"04/30/2024, 12:17:50 PM",VfS0qUERdZ,,2087476,1.340523,5c4e41ed-9e8c-4ff6-9421-f3498477a425.achievement,0,,5c4e41ed-9e8c-4ff6-9421-f3498477a425,3722,3,1714348800000,130.059998,2798.310059,3725,"04/30/2024, 12:17:50 PM",com.sec.android.app.shealth,
6000,,com.sec.android.app.shealth,d3902276-faa5-4396-bf8c-25b534574ad3.binning_data,"04/30/2024, 12:17:50 PM",VfS0qUERdZ,,5379522,1.941866,d3902276-faa5-4396-bf8c-25b534574ad3.achievement,0,,d3902276-faa5-4396-bf8c-25b534574ad3,4851,6680,1714435200000,669.340271,10446.311523,11531,"04/30/2024, 9:44:40 PM",com.sec.android.app.shealth,
6000,,com.sec.android.app.shealth,38ce37c1-ab5a-44df-bfec-bc2c783af30a.binning_data,"04/30/2024, 9:44:45 PM",HuT3voPSBy,,3066000,3.827837,38ce37c1-ab5a-44df-bfec-bc2c783af30a.achievement,0,,38ce37c1-ab5a-44df-bfec-bc2c783af30a,2243,4854,1714435200000,548.098145,8923.819336,7097,"04/30/2024, 9:44:45 PM",com.sec.android.app.shealth,
6000,,com.sec.android.app.shealth,158c5cbe-3627-4984-b698-e2da1fed4381.binning_data,"05/01/2024, 2:03:27 AM",VfS0qUERdZ,,6159619,1.113023,158c5cbe-3627-4984-b698-e2da1fed4381.achievement,0,,158c5cbe-3627-4984-b698-e2da1fed4381,9116,39,1714521600000,338.699341,6855.797852,9155,"05/01/2024, 9:44:30 PM",com.sec.android.app.shealth,
6000,,com.sec.android.app.shealth,f5eb1235-f9bb-40fc-bb8c-a6c8061675e7.binning_data,"05/01/2024, 2:09:06 AM",xtfbSOmziO,,4074963,2.638889,f5eb1235-f9bb-40fc-bb8c-a6c8061675e7.achievement,0,,f5eb1235-f9bb-40fc-bb8c-a6c8061675e7,7177,52,1714521600000,255.250122,5429.173340,7229,"05/01/2024, 2:43:57 PM",com.sec.android.app.shealth,
6000,,com.sec.android.app.shealth,4db21943-6865-4b2f-adb1-279ecf2decc1.binning_data,"05/01/2024, 2:34:51 AM",HuT3voPSBy,,4766000,1.805017,4db21943-6865-4b2f-adb1-279ecf2decc1.achievement,0,,4db21943-6865-4b2f-adb1-279ecf2decc1,5015,0,1714521600000,210.288361,3747.150879,5015,"05/01/2024, 9:44:35 PM",com.sec.android.app.shealth,
6000,,com.sec.android.app.shealth,14a291eb-65d6-4621-8def-6425ef853cc5.binning_data,"05/02/2024, 2:03:23 AM",VfS0qUERdZ,,5920527,1.112113,14a291eb-65d6-4621-8def-6425ef853cc5.achievement,0,,14a291eb-65d6-4621-8def-6425ef853cc5,8723,1,1714608000000,323.932037,6584.296387,8724,"05/03/2024, 10:20:19 AM",com.sec.android.app.shealth,
6000,,com.sec.android.app.shealth,039b362c-f168-449a-a00c-aad4c37e8056.binning_data,"05/02/2024, 2:08:46 AM",xtfbSOmziO,,3252909,2.250000,039b362c-f168-449a-a00c-aad4c37e8056.achievement,0,,039b362c-f168-449a-a00c-aad4c37e8056,5764,1,1714608000000,201.967651,4322.346191,5765,"05/03/2024, 10:20:19 AM",com.sec.android.app.shealth,
6000,,com.sec.android.app.shealth,8f9b8a2e-0722-4de9-8ae3-2f111266fa25.binning_data,"05/02/2024, 2:35:08 AM",HuT3voPSBy,,4099000,1.772503,8f9b8a2e-0722-4de9-8ae3-2f111266fa25.achievement,0,,8f9b8a2e-0722-4de9-8ae3-2f111266fa25,4905,0,1714608000000,197.147491,3728.757080,4905,"05/02/2024, 11:52:32 PM",com.sec.android.app.shealth,
6000,,com.sec.android.app.shealth,abb39b5b-abbb-4370-9b84-c63557ce4534.binning_data,"05/03/2024, 3:45:03 AM",VfS0qUERdZ,,6987362,1.064411,abb39b5b-abbb-4370-9b84-c63557ce4534.achievement,0,,abb39b5b-abbb-4370-9b84-c63557ce4534,9928,1,1714694400000,370.487305,7437.424805,9929,"05/04/2024, 4:10:44 AM",com.sec.android.app.shealth,
6000,,com.sec.android.app.shealth,b356a1a8-1346-4a0b-85a6-a36ec8e5e723.binning_data,"05/03/2024, 3:45:03 AM",HuT3voPSBy,,5231000,1.847197,b356a1a8-1346-4a0b-85a6-a36ec8e5e723.achievement,0,,b356a1a8-1346-4a0b-85a6-a36ec8e5e723,6264,0,1714694400000,249.484619,4685.452637,6264,"05/04/2024, 4:10:49 AM",com.sec.android.app.shealth,
6000,,com.sec.android.app.shealth,57c501bf-4c18-4962-8e30-aacc91ed4d4a.binning_data,"05/03/2024, 10:20:19 AM",xtfbSOmziO,,3588759,2.299869,57c501bf-4c18-4962-8e30-aacc91ed4d4a.achievement,0,,57c501bf-4c18-4962-8e30-aacc91ed4d4a,6347,1,1714694400000,221.802689,4756.134766,6348,"05/03/2024, 5:11:37 PM",com.sec.android.app.shealth,
6000,,com.sec.android.app.shealth,63c6ccdb-e981-42b5-82e0-450aa6da9cac.binning_data,"05/04/2024, 4:10:44 AM",VfS0qUERdZ,,15350599,1.659617,63c6ccdb-e981-42b5-82e0-450aa6da9cac.achievement,0,,63c6ccdb-e981-42b5-82e0-450aa6da9cac,15767,14105,1714780800000,1574.527588,25476.117188,29872,"05/05/2024, 6:51:44 AM",com.sec.android.app.shealth,
6000,,com.sec.android.app.shealth,c90f9e2d-143b-4cda-9292-ee5e0d6d96fb.binning_data,"05/04/2024, 4:10:49 AM",HuT3voPSBy,,14307000,2.962436,c90f9e2d-143b-4cda-9292-ee5e0d6d96fb.achievement,0,,c90f9e2d-143b-4cda-9292-ee5e0d6d96fb,17488,7596,1714780800000,1259.309326,22847.347656,25084,"05/05/2024, 6:48:00 AM",com.sec.android.app.shealth,
6000,,com.sec.android.app.shealth,6efb2468-8f02-4a29-b86c-fa72f525c6db.binning_data,"05/04/2024, 7:23:54 AM",xtfbSOmziO,,12541163,3.222222,6efb2468-8f02-4a29-b86c-fa72f525c6db.achievement,0,,6efb2468-8f02-4a29-b86c-fa72f525c6db,13494,14094,1714780800000,1459.959961,23519.369141,27588,"05/05/2024, 6:51:44 AM",com.sec.android.app.shealth,
6000,,com.sec.android.app.shealth,23c3f6a3-919e-4a60-8822-34edc23911a0.binning_data,"05/05/2024, 6:47:58 AM",VfS0qUERdZ,,7057578,1.277441,23c3f6a3-919e-4a60-8822-34edc23911a0.achievement,0,,23c3f6a3-919e-4a60-8822-34edc23911a0,11938,25,1714867200000,426.904205,9015.641602,11963,"05/05/2024, 7:24:09 PM",com.sec.android.app.shealth,
6000,,com.sec.android.app.shealth,c9e39c37-6312-4319-bc16-f74c4650827f.binning_data,"05/05/2024, 6:48:00 AM",HuT3voPSBy,,2327000,1.774453,c9e39c37-6312-4319-bc16-f74c4650827f.achievement,0,,c9e39c37-6312-4319-bc16-f74c4650827f,2806,0,1714867200000,111.563141,2102.413818,2806,"05/05/2024, 9:43:02 PM",com.sec.android.app.shealth,
6000,,com.sec.android.app.shealth,46275ded-8f19-45e1-9329-43312689a4e5.binning_data,"05/05/2024, 6:51:44 AM",xtfbSOmziO,,6283946,2.527777,46275ded-8f19-45e1-9329-43312689a4e5.achievement,0,,46275ded-8f19-45e1-9329-43312689a4e5,11439,25,1714867200000,400.677490,8635.037109,11464,"05/05/2024, 1:35:14 PM",com.sec.android.app.shealth,
6000,,com.sec.android.app.shealth,ba8148aa-179b-4fa7-8008-ecae3db69fa8.binning_data,"05/06/2024, 2:08:09 AM",VfS0qUERdZ,,8442921,1.200377,ba8148aa-179b-4fa7-8008-ecae3db69fa8.achievement,0,,ba8148aa-179b-4fa7-8008-ecae3db69fa8,13204,90,1714953600000,491.485260,10134.686523,13294,"05/07/2024, 8:29:21 AM",com.sec.android.app.shealth,
6000,,com.sec.android.app.shealth,3ab3de8d-f50b-4208-a95e-58c6aa04a1b9.binning_data,"05/06/2024, 6:43:55 AM",HuT3voPSBy,,5585000,1.861008,3ab3de8d-f50b-4208-a95e-58c6aa04a1b9.achievement,0,,3ab3de8d-f50b-4208-a95e-58c6aa04a1b9,7023,0,1714953600000,281.195557,5455.951172,7023,"05/07/2024, 2:12:23 AM",com.sec.android.app.shealth,
6000,,com.sec.android.app.shealth,369599e0-8422-4cc6-a702-aaf0f024d96b.binning_data,"05/06/2024, 6:45:27 AM",xtfbSOmziO,,4967144,2.297193,369599e0-8422-4cc6-a702-aaf0f024d96b.achievement,0,,369599e0-8422-4cc6-a702-aaf0f024d96b,8907,101,1714953600000,319.941010,6797.127930,9008,"05/07/2024, 8:29:21 AM",com.sec.android.app.shealth,
6000,,com.sec.android.app.shealth,e978e3ae-3d66-4b0a-a3f2-c228b77452bb.binning_data,"05/07/2024, 2:12:19 AM",VfS0qUERdZ,,12848259,1.187397,e978e3ae-3d66-4b0a-a3f2-c228b77452bb.achievement,0,,e978e3ae-3d66-4b0a-a3f2-c228b77452bb,20630,2,1715040000000,735.445801,15255.981445,20632,"05/08/2024, 12:43:00 AM",com.sec.android.app.shealth,
6000,,com.sec.android.app.shealth,caf59a8f-79de-4099-bcf8-862326b6f79d.binning_data,"05/07/2024, 2:12:23 AM",HuT3voPSBy,,9700000,1.770539,caf59a8f-79de-4099-bcf8-862326b6f79d.achievement,0,,caf59a8f-79de-4099-bcf8-862326b6f79d,12873,0,1715040000000,491.690338,9581.472656,12873,"05/08/2024, 12:43:01 AM",com.sec.android.app.shealth,
6000,,com.sec.android.app.shealth,c9ee68dc-b3f5-4df9-bb1c-92c51e1ba26d.binning_data,"05/07/2024, 8:29:21 AM",xtfbSOmziO,,10281755,2.777778,c9ee68dc-b3f5-4df9-bb1c-92c51e1ba26d.achievement,0,,c9ee68dc-b3f5-4df9-bb1c-92c51e1ba26d,17800,2,1715040000000,624.492798,13248.500977,17802,"05/07/2024, 6:12:30 PM",com.sec.android.app.shealth,
6000,,com.sec.android.app.shealth,1f1bfb1a-34c9-45db-b106-7165a24b1c9e.binning_data,"05/08/2024, 3:43:14 AM",VfS0qUERdZ,,4672366,1.152673,1f1bfb1a-34c9-45db-b106-7165a24b1c9e.achievement,0,,1f1bfb1a-34c9-45db-b106-7165a24b1c9e,7209,8,1715126400000,262.280029,5385.710938,7217,"05/09/2024, 3:16:48 PM",com.sec.android.app.shealth,
6000,,com.sec.android.app.shealth,f76bdfeb-a465-4d2b-b30b-9e85a15b999f.binning_data,"05/08/2024, 6:43:54 AM",HuT3voPSBy,,2812000,2.152212,f76bdfeb-a465-4d2b-b30b-9e85a15b999f.achievement,0,,f76bdfeb-a465-4d2b-b30b-9e85a15b999f,3689,0,1715126400000,140.196259,2715.000000,3689,"05/08/2024, 3:44:01 PM",com.sec.android.app.shealth,
6000,,com.sec.android.app.shealth,051bbe1a-44c5-41ec-9bf3-acdd46848dd2.binning_data,"05/08/2024, 6:44:59 AM",xtfbSOmziO,,2476152,3.000000,051bbe1a-44c5-41ec-9bf3-acdd46848dd2.achievement,0,,051bbe1a-44c5-41ec-9bf3-acdd46848dd2,4476,10,1715126400000,157.830002,3384.579102,4486,"05/09/2024, 3:16:48 PM",com.sec.android.app.shealth,
6000,,com.sec.android.app.shealth,6dfcc24a-5d6d-4475-a0c9-77af46d438f1.binning_data,"05/09/2024, 6:43:22 AM",VfS0qUERdZ,,7378839,1.396275,6dfcc24a-5d6d-4475-a0c9-77af46d438f1.achievement,0,,6dfcc24a-5d6d-4475-a0c9-77af46d438f1,8991,3402,1715212800000,594.066528,10302.887695,12393,"05/09/2024, 8:16:25 PM",com.sec.android.app.shealth,
6000,,com.sec.android.app.shealth,73a491b3-b97d-409e-8329-7dbe52878b26.binning_data,"05/09/2024, 9:30:35 AM",HuT3voPSBy,,6477000,3.870504,73a491b3-b97d-409e-8329-7dbe52878b26.achievement,0,,73a491b3-b97d-409e-8329-7dbe52878b26,7361,2665,1715212800000,530.568176,9207.477539,10026,"05/09/2024, 8:16:25 PM",com.sec.android.app.shealth,
6000,,com.sec.android.app.shealth,7f6a3902-5204-4fcb-97bc-dbf4d5a8ea5f.binning_data,"05/09/2024, 3:16:48 PM",xtfbSOmziO,,4216385,2.694961,7f6a3902-5204-4fcb-97bc-dbf4d5a8ea5f.achievement,0,,7f6a3902-5204-4fcb-97bc-dbf4d5a8ea5f,5222,3394,1715212800000,421.222931,7168.210938,8616,"05/09/2024, 5:25:23 PM",com.sec.android.app.shealth,
6000,,com.sec.android.app.shealth,e6cf0983-e39a-4a52-a6e7-3700e2e6cf14.binning_data,"05/10/2024, 1:43:28 AM",VfS0qUERdZ,,6492205,0.972366,e6cf0983-e39a-4a52-a6e7-3700e2e6cf14.achievement,0,,e6cf0983-e39a-4a52-a6e7-3700e2e6cf14,8722,0,1715299200000,325.423248,6312.799805,8722,"05/10/2024, 9:42:47 PM",com.sec.android.app.shealth,
6000,,com.sec.android.app.shealth,82d3d024-2945-43fe-8465-bf4e88081698.binning_data,"05/10/2024, 2:39:44 AM",HuT3voPSBy,,4542000,1.814000,82d3d024-2945-43fe-8465-bf4e88081698.achievement,0,,82d3d024-2945-43fe-8465-bf4e88081698,4813,0,1715299200000,191.986755,3304.904053,4813,"05/10/2024, 9:42:52 PM",com.sec.android.app.shealth,
6000,,com.sec.android.app.shealth,4a256b56-14e9-42cd-8949-f72377602bfa.binning_data,"05/10/2024, 2:52:23 AM",xtfbSOmziO,,3099684,2.138889,4a256b56-14e9-42cd-8949-f72377602bfa.achievement,0,,4a256b56-14e9-42cd-8949-f72377602bfa,5465,0,1715299200000,191.220001,4093.201904,5465,"05/10/2024, 6:45:53 AM",com.sec.android.app.shealth,
6000,,com.sec.android.app.shealth,7eb57064-f6cb-4959-93e3-82da3528e525.binning_data,"05/10/2024, 9:42:47 PM",VfS0qUERdZ,,12716056,0.912730,7eb57064-f6cb-4959-93e3-82da3528e525.achievement,0,,7eb57064-f6cb-4959-93e3-82da3528e525,16380,0,1715385600000,610.649963,11606.320312,16380,"05/11/2024, 9:44:55 PM",com.sec.android.app.shealth,
6000,,com.sec.android.app.shealth,8eea75e0-0bfb-44f8-8f08-50e3b1683666.binning_data,"05/10/2024, 9:42:52 PM",HuT3voPSBy,,12548000,1.968714,8eea75e0-0bfb-44f8-8f08-50e3b1683666.achievement,0,,8eea75e0-0bfb-44f8-8f08-50e3b1683666,16380,0,1715385600000,610.649963,11606.320312,16380,"05/11/2024, 9:45:00 PM",com.sec.android.app.shealth,
6000,,com.sec.android.app.shealth,cb4b2472-da72-450d-9519-ec791a024780.binning_data,"05/11/2024, 9:44:55 PM",VfS0qUERdZ,,3168517,0.686636,cb4b2472-da72-450d-9519-ec791a024780.achievement,0,,cb4b2472-da72-450d-9519-ec791a024780,3267,0,1715472000000,128.496414,2175.616211,3267,"05/13/2024, 5:15:55 AM",com.sec.android.app.shealth,
6000,,com.sec.android.app.shealth,22345050-7177-40ec-b941-394651762961.binning_data,"05/11/2024, 9:45:00 PM",HuT3voPSBy,,3112000,1.518764,22345050-7177-40ec-b941-394651762961.achievement,0,,22345050-7177-40ec-b941-394651762961,3267,0,1715472000000,128.496414,2175.616211,3267,"05/13/2024, 5:15:53 AM",com.sec.android.app.shealth,
6000,,com.sec.android.app.shealth,e1db837a-ed8c-447b-904c-e966c71cce06.binning_data,"05/13/2024, 5:15:53 AM",VfS0qUERdZ,,6973970,1.566906,e1db837a-ed8c-447b-904c-e966c71cce06.achievement,0,,e1db837a-ed8c-447b-904c-e966c71cce06,6359,4856,1715558400000,677.406128,10927.559570,11215,"05/14/2024, 12:26:59 AM",com.sec.android.app.shealth,
6000,,com.sec.android.app.shealth,67acb696-ee8e-4bc3-865b-fa0f5ce7032d.binning_data,"05/13/2024, 5:15:53 AM",HuT3voPSBy,,6871000,3.700133,67acb696-ee8e-4bc3-865b-fa0f5ce7032d.achievement,0,,67acb696-ee8e-4bc3-865b-fa0f5ce7032d,6359,4856,1715558400000,677.406128,10927.559570,11215,"05/14/2024, 12:27:05 AM",com.sec.android.app.shealth,
6000,,com.sec.android.app.shealth,267f37a0-a3e1-476b-924d-aec4e94a9478.binning_data,"05/14/2024, 3:41:44 AM",VfS0qUERdZ,,4029948,0.728327,267f37a0-a3e1-476b-924d-aec4e94a9478.achievement,0,,267f37a0-a3e1-476b-924d-aec4e94a9478,4224,0,1715644800000,168.698547,2935.119629,4224,"05/16/2024, 9:39:54 AM",com.sec.android.app.shealth,
6000,,com.sec.android.app.shealth,fe7c77c4-de43-46cb-a6b4-09f736d54582.binning_data,"05/14/2024, 6:42:22 AM",HuT3voPSBy,,3956000,1.584325,fe7c77c4-de43-46cb-a6b4-09f736d54582.achievement,0,,fe7c77c4-de43-46cb-a6b4-09f736d54582,4224,0,1715644800000,168.698547,2935.119629,4224,"05/16/2024, 9:39:53 AM",com.sec.android.app.shealth,
6000,,com.sec.android.app.shealth,779fd01a-93c2-4f08-8b14-08f6d3ee5634.binning_data,"05/16/2024, 9:39:53 AM",VfS0qUERdZ,,4832470,0.987448,779fd01a-93c2-4f08-8b14-08f6d3ee5634.achievement,0,,779fd01a-93c2-4f08-8b14-08f6d3ee5634,6684,8,1715817600000,245.511185,4771.813965,6692,"05/17/2024, 4:22:27 AM",com.sec.android.app.shealth,
6000,,com.sec.android.app.shealth,59f34dc9-7492-46d4-bf14-3ef57cbff872.binning_data,"05/16/2024, 9:39:53 AM",HuT3voPSBy,,4271000,3.773656,59f34dc9-7492-46d4-bf14-3ef57cbff872.achievement,0,,59f34dc9-7492-46d4-bf14-3ef57cbff872,4210,2989,1715731200000,426.995972,7037.398926,7199,"05/16/2024, 9:39:53 AM",com.sec.android.app.shealth,
6000,,com.sec.android.app.shealth,fe3cf427-c719-4fe9-81f2-cfcd7d5df832.binning_data,"05/16/2024, 9:39:53 AM",HuT3voPSBy,,3847000,1.520665,fe3cf427-c719-4fe9-81f2-cfcd7d5df832.achievement,0,,fe3cf427-c719-4fe9-81f2-cfcd7d5df832,4503,0,1715817600000,171.615097,3088.788574,4503,"05/17/2024, 4:19:35 AM",com.sec.android.app.shealth,
6000,,com.sec.android.app.shealth,ef54b031-f974-48b7-858d-603a597ab949.binning_data,"05/16/2024, 9:39:54 AM",VfS0qUERdZ,,4332466,1.624340,ef54b031-f974-48b7-858d-603a597ab949.achievement,0,,ef54b031-f974-48b7-858d-603a597ab949,4210,2989,1715731200000,426.995972,7037.398926,7199,"05/16/2024, 9:39:54 AM",com.sec.android.app.shealth,
6000,,com.sec.android.app.shealth,121f3637-f37b-4499-9899-b00a28914e3a.binning_data,"05/17/2024, 4:19:35 AM",VfS0qUERdZ,,5453595,1.141236,121f3637-f37b-4499-9899-b00a28914e3a.achievement,0,,121f3637-f37b-4499-9899-b00a28914e3a,8529,21,1715904000000,303.615021,6223.840820,8550,"05/18/2024, 11:37:46 AM",com.sec.android.app.shealth,
6000,,com.sec.android.app.shealth,a7e45fce-0ce9-4ebf-bdc3-1ef5152774dd.binning_data,"05/17/2024, 4:19:36 AM",HuT3voPSBy,,2815000,1.579962,a7e45fce-0ce9-4ebf-bdc3-1ef5152774dd.achievement,0,,a7e45fce-0ce9-4ebf-bdc3-1ef5152774dd,3765,0,1715904000000,136.305405,2591.752197,3765,"05/18/2024, 5:39:16 AM",com.sec.android.app.shealth,
6000,,com.sec.android.app.shealth,a6ce18da-ca62-4576-8e98-473c52404fe0.binning_data,"05/17/2024, 4:22:27 AM",xtfbSOmziO,,2214904,2.555556,a6ce18da-ca62-4576-8e98-473c52404fe0.achievement,0,,a6ce18da-ca62-4576-8e98-473c52404fe0,3943,8,1715817600000,139.589996,2962.039062,3951,"05/17/2024, 4:22:27 AM",com.sec.android.app.shealth,
6000,,com.sec.android.app.shealth,e8d7f40b-a990-4f0c-9b91-1dbfba6aa1d1.binning_data,"05/17/2024, 4:22:27 AM",xtfbSOmziO,,4030597,2.027778,e8d7f40b-a990-4f0c-9b91-1dbfba6aa1d1.achievement,0,,e8d7f40b-a990-4f0c-9b91-1dbfba6aa1d1,6928,21,1715904000000,244.229111,5176.477051,6949,"05/18/2024, 11:37:45 AM",com.sec.android.app.shealth,
6000,,com.sec.android.app.shealth,087d99d7-ffef-4d76-8635-3631adc389d0.binning_data,"05/18/2024, 5:39:16 AM",VfS0qUERdZ,,4256064,1.016037,087d99d7-ffef-4d76-8635-3631adc389d0.achievement,0,,087d99d7-ffef-4d76-8635-3631adc389d0,5985,0,1715990400000,219.364777,4324.317871,5985,"05/18/2024, 9:51:29 PM",com.sec.android.app.shealth,
6000,,com.sec.android.app.shealth,3db9b86e-bf40-4de4-9e19-82055a3ddebd.binning_data,"05/18/2024, 5:39:16 AM",HuT3voPSBy,,2835000,1.575119,3db9b86e-bf40-4de4-9e19-82055a3ddebd.achievement,0,,3db9b86e-bf40-4de4-9e19-82055a3ddebd,3112,0,1715990400000,122.285278,2142.820068,3112,"05/18/2024, 9:51:38 PM",com.sec.android.app.shealth,
6000,,com.sec.android.app.shealth,3c4e5061-bc48-4e8e-87c7-502564a61017.binning_data,"05/18/2024, 11:37:46 AM",xtfbSOmziO,,2706060,2.250000,3c4e5061-bc48-4e8e-87c7-502564a61017.achievement,0,,3c4e5061-bc48-4e8e-87c7-502564a61017,4620,0,1715990400000,162.131012,3441.399902,4620,"05/18/2024, 5:15:50 PM",com.sec.android.app.shealth,
7500,,com.sec.android.app.shealth,7ab16118-f8e0-4e86-9a2a-2bd3e09d9d41.binning_data,"05/19/2024, 7:16:25 AM",VfS0qUERdZ,,1311148,0.624262,7ab16118-f8e0-4e86-9a2a-2bd3e09d9d41.achievement,0,,7ab16118-f8e0-4e86-9a2a-2bd3e09d9d41,1238,0,1716076800000,50.519611,818.500000,1238,"08/28/2024, 4:15:24 PM",com.sec.android.app.shealth,
6000,,com.sec.android.app.shealth,07d75e20-4bdf-44bf-ab0f-9adba5c004d6.binning_data,"05/19/2024, 3:22:43 PM",HuT3voPSBy,,1296000,1.539791,07d75e20-4bdf-44bf-ab0f-9adba5c004d6.achievement,0,,07d75e20-4bdf-44bf-ab0f-9adba5c004d6,1238,0,1716076800000,50.519611,818.500000,1238,"05/20/2024, 5:21:06 AM",com.sec.android.app.shealth,
7500,,com.sec.android.app.shealth,6028cd9d-8805-4901-901f-5e760e2de131.binning_data,"05/20/2024, 5:21:06 AM",VfS0qUERdZ,,641220,0.753361,6028cd9d-8805-4901-901f-5e760e2de131.achievement,0,,6028cd9d-8805-4901-901f-5e760e2de131,738,0,1716163200000,27.304989,483.070007,738,"08/28/2024, 4:15:24 PM",com.sec.android.app.shealth,
6000,,com.sec.android.app.shealth,f3c8f835-164a-46ae-abfb-4eb6d06dd151.binning_data,"05/20/2024, 5:21:07 AM",HuT3voPSBy,,628000,1.394562,f3c8f835-164a-46ae-abfb-4eb6d06dd151.achievement,0,,f3c8f835-164a-46ae-abfb-4eb6d06dd151,738,0,1716163200000,27.304989,483.070007,738,"05/20/2024, 5:21:07 AM",com.sec.android.app.shealth,
7500,,com.sec.android.app.shealth,5aaf1f59-e2ed-4042-8892-425c9cd92099.binning_data,"08/28/2024, 4:15:23 PM",xtfbSOmziO,,769909,2.027778,5aaf1f59-e2ed-4042-8892-425c9cd92099.achievement,0,,5aaf1f59-e2ed-4042-8892-425c9cd92099,1459,5,1724544000000,52.750000,985.669983,1464,"08/28/2024, 4:15:23 PM",com.sec.android.app.shealth,
7500,,com.sec.android.app.shealth,ffb1f8be-75ca-43a7-b4c6-f9a633873f27.binning_data,"08/28/2024, 4:15:23 PM",xtfbSOmziO,,2304390,2.527777,ffb1f8be-75ca-43a7-b4c6-f9a633873f27.achievement,0,,ffb1f8be-75ca-43a7-b4c6-f9a633873f27,4106,248,1724630400000,151.839996,3114.430908,4354,"08/28/2024, 4:15:23 PM",com.sec.android.app.shealth,
7500,,com.sec.android.app.shealth,6d6342a0-590b-49b9-9164-28b2e5089421.binning_data,"08/28/2024, 4:15:24 PM",xtfbSOmziO,,2352984,1.777778,6d6342a0-590b-49b9-9164-28b2e5089421.achievement,0,,6d6342a0-590b-49b9-9164-28b2e5089421,4301,0,1724716800000,141.679993,3004.270996,4301,"08/28/2024, 4:15:24 PM",com.sec.android.app.shealth,
7500,,com.sec.android.app.shealth,7c45fd42-0821-4412-8d73-b27300b3d0f9.binning_data,"08/28/2024, 4:15:24 PM",xtfbSOmziO,,2140385,2.000000,7c45fd42-0821-4412-8d73-b27300b3d0f9.achievement,0,,7c45fd42-0821-4412-8d73-b27300b3d0f9,3621,0,1724803200000,119.134735,2464.379883,3621,"08/28/2024, 9:48:56 PM",com.sec.android.app.shealth,
7500,,com.sec.android.app.shealth,fbde03cb-7f38-4b44-9277-cdf81eeb4409.binning_data,"08/28/2024, 4:15:34 PM",VfS0qUERdZ,,10082162,1.130548,fbde03cb-7f38-4b44-9277-cdf81eeb4409.achievement,0,,fbde03cb-7f38-4b44-9277-cdf81eeb4409,15847,103,1724284800000,558.940491,11398.370117,15950,"08/28/2024, 9:37:06 PM",com.sec.android.app.shealth,
7500,,com.sec.android.app.shealth,0f58f392-e349-496b-bec4-64eb97c90868.binning_data,"08/28/2024, 4:15:34 PM",VfS0qUERdZ,,7233321,0.801369,0f58f392-e349-496b-bec4-64eb97c90868.achievement,0,,0f58f392-e349-496b-bec4-64eb97c90868,8172,2,1724371200000,315.433899,5796.557617,8174,"08/29/2024, 4:16:37 PM",com.sec.android.app.shealth,
7500,,com.sec.android.app.shealth,d32cd41b-238b-4606-87ee-6ac09c31d1f6.binning_data,"08/28/2024, 4:15:34 PM",VfS0qUERdZ,,10604277,1.491460,d32cd41b-238b-4606-87ee-6ac09c31d1f6.achievement,0,,d32cd41b-238b-4606-87ee-6ac09c31d1f6,14614,3063,1724457600000,817.420898,15815.852539,17677,"08/30/2024, 11:09:23 PM",com.sec.android.app.shealth,
7500,,com.sec.android.app.shealth,2fb02b26-70cc-4e7d-bc12-639928b2f68c.binning_data,"08/28/2024, 4:15:35 PM",VfS0qUERdZ,,8531238,1.235852,2fb02b26-70cc-4e7d-bc12-639928b2f68c.achievement,0,,2fb02b26-70cc-4e7d-bc12-639928b2f68c,14439,0,1724544000000,494.048492,10543.348633,14439,"08/28/2024, 4:16:03 PM",com.sec.android.app.shealth,
7500,,com.sec.android.app.shealth,7b9c463e-906d-4de5-a48e-5a0c8be999cd.binning_data,"08/28/2024, 4:15:35 PM",VfS0qUERdZ,,5742850,1.134626,7b9c463e-906d-4de5-a48e-5a0c8be999cd.achievement,0,,7b9c463e-906d-4de5-a48e-5a0c8be999cd,8536,248,1724630400000,323.343018,6515.984375,8784,"08/28/2024, 4:15:35 PM",com.sec.android.app.shealth,
7500,,com.sec.android.app.shealth,60385104-82ab-4f43-9588-d3d103dbf0f9.binning_data,"08/28/2024, 4:15:35 PM",VfS0qUERdZ,,8128708,0.810594,60385104-82ab-4f43-9588-d3d103dbf0f9.achievement,0,,60385104-82ab-4f43-9588-d3d103dbf0f9,9026,0,1724716800000,363.343872,6589.085449,9026,"08/28/2024, 4:15:35 PM",com.sec.android.app.shealth,
7500,,com.sec.android.app.shealth,798ad5e0-6b58-4ad3-ad1a-aae12db7bb3f.binning_data,"08/28/2024, 4:15:35 PM",VfS0qUERdZ,,7227999,1.129233,798ad5e0-6b58-4ad3-ad1a-aae12db7bb3f.achievement,0,,798ad5e0-6b58-4ad3-ad1a-aae12db7bb3f,10215,151,1724803200000,404.141327,8162.098633,10366,"08/28/2024, 9:48:56 PM",com.sec.android.app.shealth,
6000,,com.sec.android.app.shealth,ebdf66a8-854d-4287-9ede-11fcce1e6cdc.binning_data,"08/28/2024, 9:37:04 PM",HuT3voPSBy,,3698000,1.561960,ebdf66a8-854d-4287-9ede-11fcce1e6cdc.achievement,0,,ebdf66a8-854d-4287-9ede-11fcce1e6cdc,4307,0,1724284800000,167.719696,3161.000488,4307,"08/28/2024, 9:37:04 PM",com.sec.android.app.shealth,
6000,,com.sec.android.app.shealth,8dc5461b-cd7a-4b8e-99ba-62ad6b050b73.binning_data,"08/28/2024, 9:37:04 PM",HuT3voPSBy,,5663000,1.631896,8dc5461b-cd7a-4b8e-99ba-62ad6b050b73.achievement,0,,8dc5461b-cd7a-4b8e-99ba-62ad6b050b73,5626,0,1724371200000,231.805328,4007.492432,5626,"08/28/2024, 9:37:04 PM",com.sec.android.app.shealth,
6000,,com.sec.android.app.shealth,8df17cde-8f34-482a-ad74-d579526a587c.binning_data,"08/28/2024, 9:37:05 PM",HuT3voPSBy,,10246000,3.396403,8df17cde-8f34-482a-ad74-d579526a587c.achievement,0,,8df17cde-8f34-482a-ad74-d579526a587c,14603,3063,1724457600000,817.090881,15808.813477,17666,"08/28/2024, 9:37:05 PM",com.sec.android.app.shealth,
7500,,com.sec.android.app.shealth,0773d82b-e818-4421-9332-3b3e055cd088.binning_data,"08/28/2024, 9:37:05 PM",HuT3voPSBy,,4539000,1.960594,0773d82b-e818-4421-9332-3b3e055cd088.achievement,0,,0773d82b-e818-4421-9332-3b3e055cd088,7284,0,1724544000000,263.455536,5610.277344,7284,"08/28/2024, 9:37:05 PM",com.sec.android.app.shealth,
7500,,com.sec.android.app.shealth,fa9126ce-e8e3-469d-b81d-9ba3cbb2e540.binning_data,"08/28/2024, 9:37:05 PM",HuT3voPSBy,,5511000,2.137520,fa9126ce-e8e3-469d-b81d-9ba3cbb2e540.achievement,0,,fa9126ce-e8e3-469d-b81d-9ba3cbb2e540,7742,0,1724630400000,291.641235,5862.635254,7742,"08/28/2024, 9:37:05 PM",com.sec.android.app.shealth,
7500,,com.sec.android.app.shealth,310df5f0-b18b-45db-af10-1c569c5b36f5.binning_data,"08/28/2024, 9:37:05 PM",HuT3voPSBy,,8306000,1.951784,310df5f0-b18b-45db-af10-1c569c5b36f5.achievement,0,,310df5f0-b18b-45db-af10-1c569c5b36f5,8297,0,1724716800000,356.804077,6219.713867,8297,"08/28/2024, 9:37:05 PM",com.sec.android.app.shealth,
7500,,com.sec.android.app.shealth,5f19fc8a-3381-4424-92d5-200e534197c4.binning_data,"08/28/2024, 9:37:06 PM",HuT3voPSBy,,7051000,3.210924,5f19fc8a-3381-4424-92d5-200e534197c4.achievement,0,,5f19fc8a-3381-4424-92d5-200e534197c4,9322,151,1724803200000,382.140320,7546.946777,9473,"08/28/2024, 9:37:06 PM",com.sec.android.app.shealth,
7500,,com.sec.android.app.shealth,ca854d82-4334-412a-b382-ac473d2842bf.binning_data,"08/29/2024, 6:34:25 AM",VfS0qUERdZ,,7553746,1.436609,ca854d82-4334-412a-b382-ac473d2842bf.achievement,0,,ca854d82-4334-412a-b382-ac473d2842bf,9329,2648,1724889600000,588.981873,10851.779297,11977,"08/30/2024, 8:15:04 AM",com.sec.android.app.shealth,
7500,,com.sec.android.app.shealth,bb2c16e5-a905-472e-9663-5ed752543999.binning_data,"08/29/2024, 6:34:27 AM",HuT3voPSBy,,7453000,3.374713,bb2c16e5-a905-472e-9663-5ed752543999.achievement,0,,bb2c16e5-a905-472e-9663-5ed752543999,9329,2648,1724889600000,588.981873,10851.779297,11977,"08/30/2024, 8:15:08 AM",com.sec.android.app.shealth,
7500,,com.sec.android.app.shealth,109b1946-6390-404b-847a-4c00074a1c80.binning_data,"08/30/2024, 8:15:04 AM",VfS0qUERdZ,,8475409,1.006536,109b1946-6390-404b-847a-4c00074a1c80.achievement,0,,109b1946-6390-404b-847a-4c00074a1c80,11768,9,1724976000000,434.345947,8530.805664,11777,"08/30/2024, 11:09:02 PM",com.sec.android.app.shealth,
7500,,com.sec.android.app.shealth,9fab9620-6f74-488e-a98c-9afe2a9cb2e6.binning_data,"08/30/2024, 8:15:08 AM",HuT3voPSBy,,7979000,1.854479,9fab9620-6f74-488e-a98c-9afe2a9cb2e6.achievement,0,,9fab9620-6f74-488e-a98c-9afe2a9cb2e6,9563,0,1724976000000,372.626648,6916.772461,9563,"08/30/2024, 11:09:02 PM",com.sec.android.app.shealth,
7500,,com.sec.android.app.shealth,b49ec9e2-4506-4bcb-bd83-5b56776f240d.binning_data,"08/30/2024, 8:16:24 AM",xtfbSOmziO,,8750,1.161116,b49ec9e2-4506-4bcb-bd83-5b56776f240d.achievement,0,,b49ec9e2-4506-4bcb-bd83-5b56776f240d,15,0,1724889600000,0.560000,10.160000,15,"08/30/2024, 8:16:24 AM",com.sec.android.app.shealth,
7500,,com.sec.android.app.shealth,2d966657-30cf-46ff-902c-4c410c40ba2c.binning_data,"08/30/2024, 8:16:24 AM",xtfbSOmziO,,3760428,3.090340,2d966657-30cf-46ff-902c-4c410c40ba2c.achievement,0,,2d966657-30cf-46ff-902c-4c410c40ba2c,6426,9,1724976000000,218.563339,4465.434082,6435,"08/30/2024, 6:41:07 PM",com.sec.android.app.shealth,
7500,,com.sec.android.app.shealth,80ae11c6-57a1-4afc-bba4-da851ea4928c.binning_data,"08/31/2024, 8:26:49 AM",VfS0qUERdZ,,3769987,1.282153,80ae11c6-57a1-4afc-bba4-da851ea4928c.achievement,0,,80ae11c6-57a1-4afc-bba4-da851ea4928c,6251,0,1725062400000,228.695984,4833.701660,6251,"09/01/2024, 12:22:10 AM",com.sec.android.app.shealth,
7500,,com.sec.android.app.shealth,a3143915-acd5-4f62-9827-502a7e71f037.binning_data,"08/31/2024, 8:26:49 AM",HuT3voPSBy,,3545000,1.859497,a3143915-acd5-4f62-9827-502a7e71f037.achievement,0,,a3143915-acd5-4f62-9827-502a7e71f037,5386,0,1725062400000,215.432709,4601.607422,5386,"09/01/2024, 12:22:13 AM",com.sec.android.app.shealth,
7500,,com.sec.android.app.shealth,4f3d9694-c957-466d-86a6-fc23b3e5b15a.binning_data,"08/31/2024, 8:32:22 AM",xtfbSOmziO,,2669060,2.055296,4f3d9694-c957-466d-86a6-fc23b3e5b15a.achievement,0,,4f3d9694-c957-466d-86a6-fc23b3e5b15a,5005,0,1725062400000,172.650925,3512.990967,5005,"08/31/2024, 10:35:46 AM",com.sec.android.app.shealth,
7500,,com.sec.android.app.shealth,9af0b83b-e8f0-4e77-86d7-b9a6750a291a.binning_data,"09/01/2024, 6:42:21 AM",VfS0qUERdZ,,6912251,1.230167,9af0b83b-e8f0-4e77-86d7-b9a6750a291a.achievement,0,,9af0b83b-e8f0-4e77-86d7-b9a6750a291a,11737,1,1725148800000,468.181610,8503.225586,11738,"09/01/2024, 11:27:26 PM",com.sec.android.app.shealth,
7500,,com.sec.android.app.shealth,e1d6e6cc-6dd9-41c9-a376-8e7ea859b1bf.binning_data,"09/01/2024, 6:42:21 AM",HuT3voPSBy,,7106000,1.739606,e1d6e6cc-6dd9-41c9-a376-8e7ea859b1bf.achievement,0,,e1d6e6cc-6dd9-41c9-a376-8e7ea859b1bf,11431,0,1725148800000,421.709106,8914.833008,11431,"09/01/2024, 11:27:26 PM",com.sec.android.app.shealth,
7500,,com.sec.android.app.shealth,f61b2a10-b41e-4ba7-a555-634ad952ac1f.binning_data,"09/01/2024, 11:33:02 AM",xtfbSOmziO,,3553907,1.944444,f61b2a10-b41e-4ba7-a555-634ad952ac1f.achievement,0,,f61b2a10-b41e-4ba7-a555-634ad952ac1f,8410,16,1725148800000,368.790009,4637.459961,8426,"09/01/2024, 2:15:01 PM",com.sec.android.app.shealth,
7500,,com.sec.android.app.shealth,699b6fdf-cbb5-4fa4-a8e2-d638549cbc29.binning_data,"09/02/2024, 8:27:35 AM",VfS0qUERdZ,,5118355,1.979524,699b6fdf-cbb5-4fa4-a8e2-d638549cbc29.achievement,0,,699b6fdf-cbb5-4fa4-a8e2-d638549cbc29,4497,6452,1725235200000,644.525452,10131.908203,10949,"09/02/2024, 9:30:11 PM",com.sec.android.app.shealth,
7500,,com.sec.android.app.shealth,2e58a4be-243f-4a2e-a1a7-cc495fa81720.binning_data,"09/02/2024, 8:27:35 AM",HuT3voPSBy,,5170000,3.471603,2e58a4be-243f-4a2e-a1a7-cc495fa81720.achievement,0,,2e58a4be-243f-4a2e-a1a7-cc495fa81720,6182,4337,1725235200000,614.636780,10944.096680,10519,"09/03/2024, 6:42:00 AM",com.sec.android.app.shealth,
7500,,com.sec.android.app.shealth,0d0f38c6-6490-487f-a3bb-159aded09441.binning_data,"09/02/2024, 7:21:29 PM",xtfbSOmziO,,3307933,2.646987,0d0f38c6-6490-487f-a3bb-159aded09441.achievement,0,,0d0f38c6-6490-487f-a3bb-159aded09441,1812,6443,1725235200000,510.599731,7364.071777,8255,"09/02/2024, 8:19:40 PM",com.sec.android.app.shealth,
7500,,com.sec.android.app.shealth,904d01b4-8e69-4136-9d8a-0c9596747190.binning_data,"09/03/2024, 7:03:42 AM",VfS0qUERdZ,,6735903,1.180375,904d01b4-8e69-4136-9d8a-0c9596747190.achievement,0,,904d01b4-8e69-4136-9d8a-0c9596747190,10738,0,1725321600000,380.839081,7950.894531,10738,"09/06/2024, 12:30:57 PM",com.sec.android.app.shealth,
7500,,com.sec.android.app.shealth,191f9e50-f126-4f00-8568-09bbd8b47c9d.binning_data,"09/03/2024, 7:03:42 AM",xtfbSOmziO,,1792484,1.887187,191f9e50-f126-4f00-8568-09bbd8b47c9d.achievement,0,,191f9e50-f126-4f00-8568-09bbd8b47c9d,3336,0,1725321600000,112.719528,2276.401123,3336,"09/03/2024, 2:50:03 PM",com.sec.android.app.shealth,
7500,,com.sec.android.app.shealth,7b290b2d-cc43-45d7-b9e5-2d05cf84b79a.binning_data,"09/03/2024, 9:18:55 AM",HuT3voPSBy,,6168000,1.708235,7b290b2d-cc43-45d7-b9e5-2d05cf84b79a.achievement,0,,7b290b2d-cc43-45d7-b9e5-2d05cf84b79a,9488,0,1725321600000,344.955811,7167.684082,9488,"09/06/2024, 12:30:55 PM",com.sec.android.app.shealth,
7500,,com.sec.android.app.shealth,f8c3e59c-43c1-49e5-9fcf-b917a05a6f7f.binning_data,"09/06/2024, 12:30:55 PM",VfS0qUERdZ,,6444921,1.822755,f8c3e59c-43c1-49e5-9fcf-b917a05a6f7f.achievement,0,,f8c3e59c-43c1-49e5-9fcf-b917a05a6f7f,9079,2509,1725580800000,601.319153,11747.513672,11588,"09/08/2024, 12:38:09 PM",com.sec.android.app.shealth,
7500,,com.sec.android.app.shealth,13f15379-af61-4cbe-aa9a-785ac5171c9e.binning_data,"09/06/2024, 12:30:55 PM",HuT3voPSBy,,5727000,1.957348,13f15379-af61-4cbe-aa9a-785ac5171c9e.achievement,0,,13f15379-af61-4cbe-aa9a-785ac5171c9e,7966,0,1725408000000,297.538696,5885.191895,7966,"09/06/2024, 12:30:55 PM",com.sec.android.app.shealth,
7500,,com.sec.android.app.shealth,70eb3052-a5c7-4317-aa9f-c0af8b9f9f0e.binning_data,"09/06/2024, 12:30:55 PM",HuT3voPSBy,,5440000,1.871237,70eb3052-a5c7-4317-aa9f-c0af8b9f9f0e.achievement,0,,70eb3052-a5c7-4317-aa9f-c0af8b9f9f0e,7264,0,1725494400000,279.209351,5492.933594,7264,"09/06/2024, 12:30:55 PM",com.sec.android.app.shealth,
7500,,com.sec.android.app.shealth,7e1551f2-74c8-43e4-afeb-a9e2b5f323aa.binning_data,"09/06/2024, 12:30:56 PM",HuT3voPSBy,,6372000,3.630994,7e1551f2-74c8-43e4-afeb-a9e2b5f323aa.achievement,0,,7e1551f2-74c8-43e4-afeb-a9e2b5f323aa,9079,2509,1725580800000,601.319153,11747.513672,11588,"09/08/2024, 12:38:07 PM",com.sec.android.app.shealth,
7500,,com.sec.android.app.shealth,caabe3e0-521b-4cfb-b31d-ca4742a87ce4.binning_data,"09/06/2024, 12:30:58 PM",VfS0qUERdZ,,5818543,1.011454,caabe3e0-521b-4cfb-b31d-ca4742a87ce4.achievement,0,,caabe3e0-521b-4cfb-b31d-ca4742a87ce4,7966,0,1725408000000,297.538696,5885.191895,7966,"09/06/2024, 12:30:58 PM",com.sec.android.app.shealth,
7500,,com.sec.android.app.shealth,059fa846-1434-4a8a-8752-05038a757d12.binning_data,"09/06/2024, 12:30:58 PM",VfS0qUERdZ,,5524999,0.994196,059fa846-1434-4a8a-8752-05038a757d12.achievement,0,,059fa846-1434-4a8a-8752-05038a757d12,7264,0,1725494400000,279.209351,5492.933594,7264,"09/06/2024, 12:30:58 PM",com.sec.android.app.shealth,
7500,,com.sec.android.app.shealth,e9749ab7-8e74-4020-bc4b-6e8eb478d45b.binning_data,"09/08/2024, 12:38:07 PM",VfS0qUERdZ,,3475904,1.423938,e9749ab7-8e74-4020-bc4b-6e8eb478d45b.achievement,0,,e9749ab7-8e74-4020-bc4b-6e8eb478d45b,5412,550,1725753600000,245.206024,4949.473145,5962,"09/11/2024, 12:06:18 AM",com.sec.android.app.shealth,
7500,,com.sec.android.app.shealth,f3ed5a02-1d11-4737-bd3c-d0100dcc1821.binning_data,"09/08/2024, 12:38:07 PM",HuT3voPSBy,,5929000,1.882933,f3ed5a02-1d11-4737-bd3c-d0100dcc1821.achievement,0,,f3ed5a02-1d11-4737-bd3c-d0100dcc1821,9888,0,1725667200000,376.689667,8204.026367,9888,"09/08/2024, 12:38:07 PM",com.sec.android.app.shealth,
7500,,com.sec.android.app.shealth,b5bee262-a0cd-4f73-8344-874de2db6ee8.binning_data,"09/08/2024, 12:38:07 PM",HuT3voPSBy,,3401000,5.393104,b5bee262-a0cd-4f73-8344-874de2db6ee8.achievement,0,,b5bee262-a0cd-4f73-8344-874de2db6ee8,5412,550,1725753600000,245.206024,4949.473145,5962,"09/11/2024, 12:06:17 AM",com.sec.android.app.shealth,
7500,,com.sec.android.app.shealth,04491366-f31d-4912-ba08-8e9a79ab382f.binning_data,"09/08/2024, 12:38:09 PM",VfS0qUERdZ,,5985157,1.370729,04491366-f31d-4912-ba08-8e9a79ab382f.achievement,0,,04491366-f31d-4912-ba08-8e9a79ab382f,9888,0,1725667200000,376.689667,8204.026367,9888,"09/08/2024, 12:38:09 PM",com.sec.android.app.shealth,
7500,,com.sec.android.app.shealth,c72cff3e-a82b-4c51-bc2e-aa4159a2b7e3.binning_data,"09/11/2024, 12:06:17 AM",HuT3voPSBy,,5370000,1.820714,c72cff3e-a82b-4c51-bc2e-aa4159a2b7e3.achievement,0,,c72cff3e-a82b-4c51-bc2e-aa4159a2b7e3,7201,0,1725840000000,277.730316,5518.449219,7201,"09/11/2024, 12:06:17 AM",com.sec.android.app.shealth,
7500,,com.sec.android.app.shealth,cca02196-cba8-470e-93a9-2d18e1ab26fd.binning_data,"09/11/2024, 12:06:17 AM",HuT3voPSBy,,5232000,2.441249,cca02196-cba8-470e-93a9-2d18e1ab26fd.achievement,0,,cca02196-cba8-470e-93a9-2d18e1ab26fd,6861,0,1725926400000,274.157562,5456.522461,6861,"09/11/2024, 12:06:17 AM",com.sec.android.app.shealth,
7500,,com.sec.android.app.shealth,667f552e-1600-4447-8adc-6532559770e2.binning_data,"09/11/2024, 12:06:18 AM",VfS0qUERdZ,,5494049,1.004441,667f552e-1600-4447-8adc-6532559770e2.achievement,0,,667f552e-1600-4447-8adc-6532559770e2,7201,0,1725840000000,277.730316,5518.449219,7201,"09/11/2024, 12:06:18 AM",com.sec.android.app.shealth,
7500,,com.sec.android.app.shealth,06b86716-539d-4b9d-9e61-677dd84feb1d.binning_data,"09/11/2024, 12:06:18 AM",VfS0qUERdZ,,5309604,1.027670,06b86716-539d-4b9d-9e61-677dd84feb1d.achievement,0,,06b86716-539d-4b9d-9e61-677dd84feb1d,6861,0,1725926400000,274.157562,5456.522461,6861,"09/11/2024, 12:06:18 AM",com.sec.android.app.shealth,
0,,com.sec.android.app.shealth,b3fe004d-f522-4e14-9bf2-e05fea31eac0.binning_data,"11/06/2024, 10:10:34 PM",HuT3voPSBy,,0,0.000000,b3fe004d-f522-4e14-9bf2-e05fea31eac0.achievement,0,,b3fe004d-f522-4e14-9bf2-e05fea31eac0,0,0,-86400000,0.000000,0.000000,0,"11/06/2024, 10:10:34 PM",com.sec.android.app.shealth,
0,,com.sec.android.app.shealth,8df3aed8-9d7e-484e-9c51-9a19fc9dc975.binning_data,"11/06/2024, 10:10:34 PM",VfS0qUERdZ,,0,0.000000,8df3aed8-9d7e-484e-9c51-9a19fc9dc975.achievement,0,,8df3aed8-9d7e-484e-9c51-9a19fc9dc975,0,0,-86400000,0.000000,0.000000,0,"11/06/2024, 10:10:34 PM",com.sec.android.app.shealth,
7500,,com.sec.android.app.shealth,ff341ab7-f0c0-4df9-aa81-9c5ee4d44124.binning_data,"11/06/2024, 10:10:34 PM",HuT3voPSBy,,9011000,1.500000,ff341ab7-f0c0-4df9-aa81-9c5ee4d44124.achievement,0,,ff341ab7-f0c0-4df9-aa81-9c5ee4d44124,9386,0,1728691200000,353.513885,7831.691895,9386,"11/06/2024, 10:10:34 PM",com.sec.android.app.shealth,
7500,,com.sec.android.app.shealth,324c8dba-a056-4c63-9b67-f95a46f47206.binning_data,"11/06/2024, 10:10:35 PM",VfS0qUERdZ,,6944242,1.459130,324c8dba-a056-4c63-9b67-f95a46f47206.achievement,0,,324c8dba-a056-4c63-9b67-f95a46f47206,12334,265,1728691200000,470.432220,10132.551758,12599,"11/07/2024, 8:36:21 AM",com.sec.android.app.shealth,
7500,,com.sec.android.app.shealth,b99068eb-2167-4375-b55e-214566d246a6.binning_data,"11/06/2024, 10:10:35 PM",HuT3voPSBy,,6603000,1.500000,b99068eb-2167-4375-b55e-214566d246a6.achievement,0,,b99068eb-2167-4375-b55e-214566d246a6,9594,0,1728777600000,391.467468,8672.509766,9594,"11/06/2024, 10:10:35 PM",com.sec.android.app.shealth,
7500,,com.sec.android.app.shealth,19dd25d1-21d2-4319-a648-32b42ca053ad.binning_data,"11/06/2024, 10:10:35 PM",VfS0qUERdZ,,10505636,1.404511,19dd25d1-21d2-4319-a648-32b42ca053ad.achievement,0,,19dd25d1-21d2-4319-a648-32b42ca053ad,18234,0,1728777600000,675.837463,14755.279297,18234,"11/07/2024, 8:36:21 AM",com.sec.android.app.shealth,
7500,,com.sec.android.app.shealth,61f27795-68dd-44d9-880f-ff93cdcb42cb.binning_data,"11/06/2024, 10:10:35 PM",HuT3voPSBy,,7999000,1.500000,61f27795-68dd-44d9-880f-ff93cdcb42cb.achievement,0,,61f27795-68dd-44d9-880f-ff93cdcb42cb,9579,0,1728864000000,370.544617,8208.988281,9579,"11/06/2024, 10:10:35 PM",com.sec.android.app.shealth,
7500,,com.sec.android.app.shealth,5ad1ba75-78ec-464b-bb37-c13600605794.binning_data,"11/06/2024, 10:10:35 PM",VfS0qUERdZ,,5472658,1.500000,5ad1ba75-78ec-464b-bb37-c13600605794.achievement,0,,5ad1ba75-78ec-464b-bb37-c13600605794,9579,0,1728864000000,370.544617,8208.988281,9579,"11/06/2024, 10:10:35 PM",com.sec.android.app.shealth,
7500,,com.sec.android.app.shealth,8aa06080-f1e0-4140-985f-97d30d3174bf.binning_data,"11/06/2024, 10:10:35 PM",HuT3voPSBy,,17387000,1.500000,8aa06080-f1e0-4140-985f-97d30d3174bf.achievement,0,,8aa06080-f1e0-4140-985f-97d30d3174bf,16473,0,1728950400000,646.310669,14318.266602,16473,"11/06/2024, 10:10:35 PM",com.sec.android.app.shealth,
7500,,com.sec.android.app.shealth,2151ed83-a165-4b90-a171-217b54c5e5dc.binning_data,"11/06/2024, 10:10:35 PM",VfS0qUERdZ,,17426755,1.543340,2151ed83-a165-4b90-a171-217b54c5e5dc.achievement,0,,2151ed83-a165-4b90-a171-217b54c5e5dc,27523,5096,1728950400000,1360.427612,26895.414062,32619,"11/07/2024, 8:36:21 AM",com.sec.android.app.shealth,
7500,,com.sec.android.app.shealth,f66987a9-fa81-487b-af80-4ef698a36c17.binning_data,"11/06/2024, 10:10:35 PM",HuT3voPSBy,,5632000,1.500000,f66987a9-fa81-487b-af80-4ef698a36c17.achievement,0,,f66987a9-fa81-487b-af80-4ef698a36c17,7724,0,1729036800000,310.940277,6888.522949,7724,"11/06/2024, 10:10:35 PM",com.sec.android.app.shealth,
7500,,com.sec.android.app.shealth,6020f0ce-c0a1-4def-85ce-96162481d883.binning_data,"11/06/2024, 10:10:35 PM",VfS0qUERdZ,,8234744,1.419652,6020f0ce-c0a1-4def-85ce-96162481d883.achievement,0,,6020f0ce-c0a1-4def-85ce-96162481d883,14460,0,1729036800000,534.650269,11690.470703,14460,"11/07/2024, 8:36:21 AM",com.sec.android.app.shealth,
7500,,com.sec.android.app.shealth,fa179102-367d-49e3-a588-45dbada036d2.binning_data,"11/06/2024, 10:10:35 PM",HuT3voPSBy,,19824000,1.500000,fa179102-367d-49e3-a588-45dbada036d2.achievement,0,,fa179102-367d-49e3-a588-45dbada036d2,13483,0,1729123200000,457.836090,10142.830078,13483,"11/06/2024, 10:10:35 PM",com.sec.android.app.shealth,
7500,,com.sec.android.app.shealth,cf74df5b-f3fa-4363-ace5-70d5c92c5ef5.binning_data,"11/06/2024, 10:10:35 PM",VfS0qUERdZ,,13444400,1.380650,cf74df5b-f3fa-4363-ace5-70d5c92c5ef5.achievement,0,,cf74df5b-f3fa-4363-ace5-70d5c92c5ef5,25591,2,1729123200000,861.607666,18562.007812,25593,"11/07/2024, 8:36:21 AM",com.sec.android.app.shealth,
7500,,com.sec.android.app.shealth,efe6f540-39aa-4fe3-9847-798f80c7f44f.binning_data,"11/06/2024, 10:10:35 PM",HuT3voPSBy,,8969000,1.500000,efe6f540-39aa-4fe3-9847-798f80c7f44f.achievement,0,,efe6f540-39aa-4fe3-9847-798f80c7f44f,14031,0,1729209600000,623.492126,13812.749023,14031,"11/06/2024, 10:10:35 PM",com.sec.android.app.shealth,
7500,,com.sec.android.app.shealth,90447082-6aba-40dd-9258-d645551e061f.binning_data,"11/06/2024, 10:10:35 PM",VfS0qUERdZ,,9485095,1.491300,90447082-6aba-40dd-9258-d645551e061f.achievement,0,,90447082-6aba-40dd-9258-d645551e061f,14588,0,1729209600000,647.312134,14145.119141,14588,"11/07/2024, 8:36:21 AM",com.sec.android.app.shealth,
7500,,com.sec.android.app.shealth,3e02f529-18c6-4f8c-b978-f3d9df9c661b.binning_data,"11/06/2024, 10:10:36 PM",HuT3voPSBy,,9090000,1.500000,3e02f529-18c6-4f8c-b978-f3d9df9c661b.achievement,0,,3e02f529-18c6-4f8c-b978-f3d9df9c661b,8676,0,1729296000000,294.186066,6517.353027,8676,"11/06/2024, 10:10:36 PM",com.sec.android.app.shealth,
7500,,com.sec.android.app.shealth,55bfd77c-4785-49dc-831e-fb4016a993ec.binning_data,"11/06/2024, 10:10:36 PM",VfS0qUERdZ,,5546273,1.465083,55bfd77c-4785-49dc-831e-fb4016a993ec.achievement,0,,55bfd77c-4785-49dc-831e-fb4016a993ec,10971,20,1729296000000,375.433014,8125.753418,10991,"11/07/2024, 8:36:21 AM",com.sec.android.app.shealth,
7500,,com.sec.android.app.shealth,c3c54d1c-02ac-4ad4-ae30-132f5b35b53a.binning_data,"11/06/2024, 10:10:36 PM",HuT3voPSBy,,10999000,1.500000,c3c54d1c-02ac-4ad4-ae30-132f5b35b53a.achievement,0,,c3c54d1c-02ac-4ad4-ae30-132f5b35b53a,16940,0,1729382400000,357.381622,7917.377441,16940,"11/06/2024, 10:10:36 PM",com.sec.android.app.shealth,
7500,,com.sec.android.app.shealth,fed06c77-0629-42b2-8669-97783e13f609.binning_data,"11/06/2024, 10:10:36 PM",VfS0qUERdZ,,12289484,1.383132,fed06c77-0629-42b2-8669-97783e13f609.achievement,0,,fed06c77-0629-42b2-8669-97783e13f609,32268,21,1729382400000,996.481628,16997.980469,32289,"11/07/2024, 8:36:21 AM",com.sec.android.app.shealth,
7500,,com.sec.android.app.shealth,8b012014-1345-44cb-80c7-707be9bf72ec.binning_data,"11/06/2024, 10:10:36 PM",HuT3voPSBy,,6248000,1.500000,8b012014-1345-44cb-80c7-707be9bf72ec.achievement,0,,8b012014-1345-44cb-80c7-707be9bf72ec,8421,0,1729468800000,320.280273,7095.439941,8421,"11/06/2024, 10:10:36 PM",com.sec.android.app.shealth,
7500,,com.sec.android.app.shealth,21dedaa8-de69-43ed-b154-e72e57cf6ef0.binning_data,"11/06/2024, 10:10:36 PM",VfS0qUERdZ,,8700257,1.408204,21dedaa8-de69-43ed-b154-e72e57cf6ef0.achievement,0,,21dedaa8-de69-43ed-b154-e72e57cf6ef0,15781,2,1729468800000,560.533936,12251.740234,15783,"11/07/2024, 8:36:22 AM",com.sec.android.app.shealth,
7500,,com.sec.android.app.shealth,5553a48c-eb36-4e05-bf19-6e686d418f9d.binning_data,"11/06/2024, 10:10:36 PM",HuT3voPSBy,,12511000,1.500000,5553a48c-eb36-4e05-bf19-6e686d418f9d.achievement,0,,5553a48c-eb36-4e05-bf19-6e686d418f9d,11442,0,1729555200000,452.695587,10028.948242,11442,"11/06/2024, 10:10:36 PM",com.sec.android.app.shealth,
7500,,com.sec.android.app.shealth,4d9ef1cc-8566-4d32-922b-1f68be8f6e45.binning_data,"11/06/2024, 10:10:36 PM",VfS0qUERdZ,,10708939,1.536071,4d9ef1cc-8566-4d32-922b-1f68be8f6e45.achievement,0,,4d9ef1cc-8566-4d32-922b-1f68be8f6e45,17179,2545,1729555200000,821.750305,16449.691406,19724,"11/07/2024, 8:36:22 AM",com.sec.android.app.shealth,
7500,,com.sec.android.app.shealth,5e68449e-8d88-4217-a3e8-9c5c483b6f03.binning_data,"11/06/2024, 10:10:36 PM",HuT3voPSBy,,13726000,1.500000,5e68449e-8d88-4217-a3e8-9c5c483b6f03.achievement,0,,5e68449e-8d88-4217-a3e8-9c5c483b6f03,8760,0,1729641600000,313.434723,6943.784180,8760,"11/06/2024, 10:10:36 PM",com.sec.android.app.shealth,
7500,,com.sec.android.app.shealth,3d0e1382-c0ba-4e24-935a-aa9ce4b31c84.binning_data,"11/06/2024, 10:10:36 PM",VfS0qUERdZ,,10134000,1.399401,3d0e1382-c0ba-4e24-935a-aa9ce4b31c84.achievement,0,,3d0e1382-c0ba-4e24-935a-aa9ce4b31c84,18638,2,1729641600000,658.040039,14181.533203,18640,"11/07/2024, 8:36:22 AM",com.sec.android.app.shealth,
7500,,com.sec.android.app.shealth,7d29bf8f-ed76-4468-9166-fa2d0ded9af1.binning_data,"11/06/2024, 10:10:36 PM",HuT3voPSBy,,18661000,1.500000,7d29bf8f-ed76-4468-9166-fa2d0ded9af1.achievement,0,,7d29bf8f-ed76-4468-9166-fa2d0ded9af1,10536,0,1729728000000,378.813263,8392.170898,10536,"11/06/2024, 10:10:36 PM",com.sec.android.app.shealth,
7500,,com.sec.android.app.shealth,7f01e68d-c542-42d1-95fc-9770259a0805.binning_data,"11/06/2024, 10:10:36 PM",VfS0qUERdZ,,9897661,1.409559,7f01e68d-c542-42d1-95fc-9770259a0805.achievement,0,,7f01e68d-c542-42d1-95fc-9770259a0805,18144,9,1729728000000,658.923401,13951.340820,18153,"11/07/2024, 8:36:22 AM",com.sec.android.app.shealth,
7500,,com.sec.android.app.shealth,671f07b8-fb13-475b-b74d-a7f1a5316de1.binning_data,"11/06/2024, 10:10:36 PM",HuT3voPSBy,,11341000,1.500000,671f07b8-fb13-475b-b74d-a7f1a5316de1.achievement,0,,671f07b8-fb13-475b-b74d-a7f1a5316de1,9629,0,1729814400000,346.204895,7669.770020,9629,"11/06/2024, 10:10:36 PM",com.sec.android.app.shealth,
7500,,com.sec.android.app.shealth,613079bf-5704-47fd-82e3-9d47913c9c59.binning_data,"11/06/2024, 10:10:37 PM",VfS0qUERdZ,,11193312,1.418187,613079bf-5704-47fd-82e3-9d47913c9c59.achievement,0,,613079bf-5704-47fd-82e3-9d47913c9c59,20539,8,1729814400000,741.354004,15874.212891,20547,"11/07/2024, 8:36:22 AM",com.sec.android.app.shealth,
7500,,com.sec.android.app.shealth,b40adeca-6c10-46a7-b46f-2538afea0264.binning_data,"11/06/2024, 10:10:37 PM",HuT3voPSBy,,17029000,1.500000,b40adeca-6c10-46a7-b46f-2538afea0264.achievement,0,,b40adeca-6c10-46a7-b46f-2538afea0264,17780,0,1729900800000,737.296997,16333.963867,17780,"11/06/2024, 10:10:37 PM",com.sec.android.app.shealth,
7500,,com.sec.android.app.shealth,28fcfb7c-97ac-48dc-ac7c-3f0f68cfa6d4.binning_data,"11/06/2024, 10:10:37 PM",VfS0qUERdZ,,18299730,1.573018,28fcfb7c-97ac-48dc-ac7c-3f0f68cfa6d4.achievement,0,,28fcfb7c-97ac-48dc-ac7c-3f0f68cfa6d4,28365,4790,1729900800000,1470.997803,28785.802734,33155,"11/07/2024, 8:36:22 AM",com.sec.android.app.shealth,
7500,,com.sec.android.app.shealth,963eb30c-eafe-4b71-8035-18a6dbc15eff.binning_data,"11/06/2024, 10:10:37 PM",HuT3voPSBy,,9014000,1.500000,963eb30c-eafe-4b71-8035-18a6dbc15eff.achievement,0,,963eb30c-eafe-4b71-8035-18a6dbc15eff,10459,0,1729987200000,408.736969,9055.095703,10459,"11/06/2024, 10:10:37 PM",com.sec.android.app.shealth,
7500,,com.sec.android.app.shealth,997aebad-0e9d-4871-87eb-470b95477d75.binning_data,"11/06/2024, 10:10:37 PM",VfS0qUERdZ,,8186925,1.473321,997aebad-0e9d-4871-87eb-470b95477d75.achievement,0,,997aebad-0e9d-4871-87eb-470b95477d75,14384,0,1729987200000,549.946960,12061.967773,14384,"11/07/2024, 8:36:22 AM",com.sec.android.app.shealth,
7500,,com.sec.android.app.shealth,773f0177-ef57-42d3-89c2-26ea5f3e70c6.binning_data,"11/06/2024, 10:10:37 PM",HuT3voPSBy,,12086000,1.500000,773f0177-ef57-42d3-89c2-26ea5f3e70c6.achievement,0,,773f0177-ef57-42d3-89c2-26ea5f3e70c6,9643,0,1730073600000,358.016510,7931.442383,9643,"11/06/2024, 10:10:37 PM",com.sec.android.app.shealth,
7500,,com.sec.android.app.shealth,28011180-d73f-40b1-8097-76d42a7b4a6d.binning_data,"11/06/2024, 10:10:37 PM",VfS0qUERdZ,,9393901,1.459038,28011180-d73f-40b1-8097-76d42a7b4a6d.achievement,0,,28011180-d73f-40b1-8097-76d42a7b4a6d,17356,4,1730073600000,642.282593,13706.059570,17360,"11/07/2024, 8:36:22 AM",com.sec.android.app.shealth,
7500,,com.sec.android.app.shealth,ac61747d-6036-4725-aec8-b99fd914a8ce.binning_data,"11/06/2024, 10:10:37 PM",HuT3voPSBy,,14703000,1.500000,ac61747d-6036-4725-aec8-b99fd914a8ce.achievement,0,,ac61747d-6036-4725-aec8-b99fd914a8ce,12121,0,1730160000000,395.801483,8768.525391,12121,"11/06/2024, 10:10:37 PM",com.sec.android.app.shealth,
7500,,com.sec.android.app.shealth,8f6b75ea-f92b-40a9-ba1b-e77522226239.binning_data,"11/06/2024, 10:10:37 PM",VfS0qUERdZ,,9697717,1.687304,8f6b75ea-f92b-40a9-ba1b-e77522226239.achievement,0,,8f6b75ea-f92b-40a9-ba1b-e77522226239,16005,4994,1730160000000,889.223511,16362.997070,20999,"11/07/2024, 8:36:22 AM",com.sec.android.app.shealth,
7500,,com.sec.android.app.shealth,01795cdb-c749-4b2a-a3f3-e9844586a586.binning_data,"11/06/2024, 10:10:37 PM",HuT3voPSBy,,10698000,1.500000,01795cdb-c749-4b2a-a3f3-e9844586a586.achievement,0,,01795cdb-c749-4b2a-a3f3-e9844586a586,9711,0,1730246400000,337.632690,7479.862793,9711,"11/06/2024, 10:10:37 PM",com.sec.android.app.shealth,
7500,,com.sec.android.app.shealth,ead1a58e-540b-471e-82f3-5140ea1da5e7.binning_data,"11/06/2024, 10:10:37 PM",VfS0qUERdZ,,7223657,1.428727,ead1a58e-540b-471e-82f3-5140ea1da5e7.achievement,0,,ead1a58e-540b-471e-82f3-5140ea1da5e7,13574,7,1730246400000,474.472687,10320.631836,13581,"11/07/2024, 8:13:14 AM",com.sec.android.app.shealth,
7500,,com.sec.android.app.shealth,e926a5c2-0f8f-4e62-af6f-1cd7f62acd1e.binning_data,"11/06/2024, 10:18:08 PM",HuT3voPSBy,,10756000,1.500000,e926a5c2-0f8f-4e62-af6f-1cd7f62acd1e.achievement,0,,e926a5c2-0f8f-4e62-af6f-1cd7f62acd1e,17171,0,1730332800000,741.486511,16426.791016,17171,"11/06/2024, 10:18:08 PM",com.sec.android.app.shealth,
7500,,com.sec.android.app.shealth,a11304d9-591c-4945-88ac-7c84db98976f.binning_data,"11/06/2024, 10:18:08 PM",HuT3voPSBy,,7587000,1.558023,a11304d9-591c-4945-88ac-7c84db98976f.achievement,0,,a11304d9-591c-4945-88ac-7c84db98976f,12103,0,1730419200000,425.848907,8861.225586,12103,"11/06/2024, 10:18:08 PM",com.sec.android.app.shealth,
7500,,com.sec.android.app.shealth,1c2fa1b4-8571-4b4f-b39d-e565cd8865cd.binning_data,"11/06/2024, 10:18:08 PM",HuT3voPSBy,,11883000,1.560275,1c2fa1b4-8571-4b4f-b39d-e565cd8865cd.achievement,0,,1c2fa1b4-8571-4b4f-b39d-e565cd8865cd,20025,0,1730505600000,696.069397,14717.243164,20025,"11/06/2024, 10:18:08 PM",com.sec.android.app.shealth,
7500,,com.sec.android.app.shealth,34fe77d8-8829-4cff-b51c-0718793bcb3a.binning_data,"11/06/2024, 10:18:08 PM",HuT3voPSBy,,6500000,1.905173,34fe77d8-8829-4cff-b51c-0718793bcb3a.achievement,0,,34fe77d8-8829-4cff-b51c-0718793bcb3a,10840,0,1730592000000,418.192322,9231.712891,10840,"11/06/2024, 10:18:08 PM",com.sec.android.app.shealth,
7500,,com.sec.android.app.shealth,e1409f4a-6e50-4751-b890-ff041ddcfaa6.binning_data,"11/06/2024, 10:18:08 PM",HuT3voPSBy,,8401000,3.901530,e1409f4a-6e50-4751-b890-ff041ddcfaa6.achievement,0,,e1409f4a-6e50-4751-b890-ff041ddcfaa6,11371,4095,1730678400000,817.525146,15246.131836,15466,"11/06/2024, 10:18:08 PM",com.sec.android.app.shealth,
7500,,com.sec.android.app.shealth,668b7a3e-f6f0-4b2b-bcff-356dfe2426ec.binning_data,"11/06/2024, 10:18:08 PM",HuT3voPSBy,,5292000,2.642832,668b7a3e-f6f0-4b2b-bcff-356dfe2426ec.achievement,0,,668b7a3e-f6f0-4b2b-bcff-356dfe2426ec,8374,152,1730764800000,331.546173,7030.070801,8526,"11/06/2024, 10:18:08 PM",com.sec.android.app.shealth,
7500,,com.sec.android.app.shealth,bccfbfdc-23fb-4dfd-8828-0d0f7c56cab1.binning_data,"11/06/2024, 10:18:08 PM",HuT3voPSBy,,8104000,1.885791,bccfbfdc-23fb-4dfd-8828-0d0f7c56cab1.achievement,0,,bccfbfdc-23fb-4dfd-8828-0d0f7c56cab1,12406,0,1730851200000,474.954315,9995.441406,12406,"11/06/2024, 10:18:08 PM",com.sec.android.app.shealth,
7500,,com.sec.android.app.shealth,9d1e5f09-93fb-4de3-8b5f-6011597f2cdc.binning_data,"11/06/2024, 10:18:11 PM",VfS0qUERdZ,,16963473,1.589358,9d1e5f09-93fb-4de3-8b5f-6011597f2cdc.achievement,0,,9d1e5f09-93fb-4de3-8b5f-6011597f2cdc,24843,5050,1730332800000,1375.386475,26961.033203,29893,"11/07/2024, 8:13:15 AM",com.sec.android.app.shealth,
7500,,com.sec.android.app.shealth,1ea64a15-e360-49a8-be51-287485893801.binning_data,"11/06/2024, 10:18:11 PM",VfS0qUERdZ,,7899593,1.223000,1ea64a15-e360-49a8-be51-287485893801.achievement,0,,1ea64a15-e360-49a8-be51-287485893801,14054,17,1730419200000,560.059082,9661.203125,14071,"11/07/2024, 8:13:15 AM",com.sec.android.app.shealth,
7500,,com.sec.android.app.shealth,fe3be742-a610-47a1-9566-72e33939e969.binning_data,"11/06/2024, 10:18:11 PM",VfS0qUERdZ,,12226560,1.302565,fe3be742-a610-47a1-9566-72e33939e969.achievement,0,,fe3be742-a610-47a1-9566-72e33939e969,23178,232,1730505600000,926.033936,15925.885742,23410,"11/07/2024, 8:13:16 AM",com.sec.android.app.shealth,
7500,,com.sec.android.app.shealth,76d51210-fd50-4de9-9c50-7956a23519d8.binning_data,"11/06/2024, 10:18:11 PM",VfS0qUERdZ,,6652684,1.366606,76d51210-fd50-4de9-9c50-7956a23519d8.achievement,0,,76d51210-fd50-4de9-9c50-7956a23519d8,11354,0,1730592000000,427.553497,9091.599609,11354,"11/07/2024, 8:13:16 AM",com.sec.android.app.shealth,
7500,,com.sec.android.app.shealth,47bf9c26-aba6-4b4a-83f8-92837230876b.binning_data,"11/06/2024, 10:18:11 PM",VfS0qUERdZ,,8746750,1.771916,47bf9c26-aba6-4b4a-83f8-92837230876b.achievement,0,,47bf9c26-aba6-4b4a-83f8-92837230876b,12054,4095,1730678400000,834.109985,15498.503906,16149,"11/07/2024, 8:13:17 AM",com.sec.android.app.shealth,
7500,,com.sec.android.app.shealth,4a23e94c-efab-414c-8fe1-8f6f1b8bb11e.binning_data,"11/06/2024, 10:18:12 PM",VfS0qUERdZ,,5350720,1.330660,4a23e94c-efab-414c-8fe1-8f6f1b8bb11e.achievement,0,,4a23e94c-efab-414c-8fe1-8f6f1b8bb11e,8413,300,1730764800000,341.028778,7119.990234,8713,"11/07/2024, 8:13:17 AM",com.sec.android.app.shealth,
7500,,com.sec.android.app.shealth,65712759-8298-4140-98f0-b7ee5a3eb32a.binning_data,"11/06/2024, 10:18:12 PM",VfS0qUERdZ,,8611329,1.310482,65712759-8298-4140-98f0-b7ee5a3eb32a.achievement,0,,65712759-8298-4140-98f0-b7ee5a3eb32a,13887,231,1730851200000,541.192261,11284.988281,14118,"11/07/2024, 8:13:18 AM",com.sec.android.app.shealth,
7500,,com.sec.android.app.shealth,aa286fd6-abec-4da7-8066-8810a7a09ac3.binning_data,"11/07/2024, 8:11:57 AM",VfS0qUERdZ,,1211640,1.315439,aa286fd6-abec-4da7-8066-8810a7a09ac3.achievement,0,,aa286fd6-abec-4da7-8066-8810a7a09ac3,2053,0,1730937600000,76.351601,1593.838501,2053,"11/07/2024, 8:32:26 AM",com.sec.android.app.shealth,
7500,,com.sec.android.app.shealth,ed3f7d6a-10ca-4502-8644-016eb4b107c1.binning_data,"11/07/2024, 8:11:58 AM",HuT3voPSBy,,1219000,1.746389,ed3f7d6a-10ca-4502-8644-016eb4b107c1.achievement,0,,ed3f7d6a-10ca-4502-8644-016eb4b107c1,2035,0,1730937600000,75.121658,1615.209961,2035,"11/07/2024, 8:36:20 AM",com.sec.android.app.shealth,
7500,,com.sec.android.app.shealth,9c2ad822-f132-4d8d-8f6f-236cada7f335.binning_data,"11/07/2024, 8:12:35 AM",xtfbSOmziO,,6649770,2.685344,9c2ad822-f132-4d8d-8f6f-236cada7f335.achievement,0,,9c2ad822-f132-4d8d-8f6f-236cada7f335,8415,5682,1730332800000,704.750000,11702.903320,14097,"11/07/2024, 8:12:35 AM",com.sec.android.app.shealth,
7500,,com.sec.android.app.shealth,15853b59-86d7-4428-952a-11b5c79a6d36.binning_data,"11/07/2024, 8:12:35 AM",xtfbSOmziO,,4419359,2.166667,15853b59-86d7-4428-952a-11b5c79a6d36.achievement,0,,15853b59-86d7-4428-952a-11b5c79a6d36,9682,21,1730419200000,432.911011,6161.288086,9703,"11/07/2024, 8:12:35 AM",com.sec.android.app.shealth,
7500,,com.sec.android.app.shealth,aca0a6aa-d7dd-442e-9f19-dd1cf53cb894.binning_data,"11/07/2024, 8:12:35 AM",xtfbSOmziO,,8849250,2.327977,aca0a6aa-d7dd-442e-9f19-dd1cf53cb894.achievement,0,,aca0a6aa-d7dd-442e-9f19-dd1cf53cb894,19140,237,1730505600000,865.119995,12355.153320,19377,"11/07/2024, 8:12:35 AM",com.sec.android.app.shealth,
7500,,com.sec.android.app.shealth,70e624bf-0675-4476-b370-943daf36e1e5.binning_data,"11/07/2024, 8:12:35 AM",xtfbSOmziO,,3323835,1.676561,70e624bf-0675-4476-b370-943daf36e1e5.achievement,0,,70e624bf-0675-4476-b370-943daf36e1e5,6218,0,1730592000000,231.350006,4708.770020,6218,"11/07/2024, 8:12:35 AM",com.sec.android.app.shealth,
7500,,com.sec.android.app.shealth,28825a94-ed7c-4da8-a238-f870de26ae31.binning_data,"11/07/2024, 8:12:35 AM",xtfbSOmziO,,3058129,1.861111,28825a94-ed7c-4da8-a238-f870de26ae31.achievement,0,,28825a94-ed7c-4da8-a238-f870de26ae31,5678,0,1730678400000,202.690002,4319.270020,5678,"11/07/2024, 8:12:35 AM",com.sec.android.app.shealth,
7500,,com.sec.android.app.shealth,58d9ff7f-5890-4cbf-9420-d35d5f5e1c34.binning_data,"11/07/2024, 8:12:35 AM",xtfbSOmziO,,437154,2.525273,58d9ff7f-5890-4cbf-9420-d35d5f5e1c34.achievement,0,,58d9ff7f-5890-4cbf-9420-d35d5f5e1c34,646,300,1730764800000,44.430000,753.940979,946,"11/07/2024, 8:12:35 AM",com.sec.android.app.shealth,
7500,,com.sec.android.app.shealth,5ee7afcb-e810-443c-86f6-36b0e1625e86.binning_data,"11/07/2024, 8:12:36 AM",xtfbSOmziO,,3129104,2.451668,5ee7afcb-e810-443c-86f6-36b0e1625e86.achievement,0,,5ee7afcb-e810-443c-86f6-36b0e1625e86,5554,233,1730851200000,220.710007,4325.680176,5787,"11/07/2024, 8:12:36 AM",com.sec.android.app.shealth,
7500,,com.sec.android.app.shealth,a593b4e9-55ad-4d3f-9f5b-bc669e0631eb.binning_data,"11/07/2024, 8:12:36 AM",xtfbSOmziO,,980522,1.454000,a593b4e9-55ad-4d3f-9f5b-bc669e0631eb.achievement,0,,a593b4e9-55ad-4d3f-9f5b-bc669e0631eb,1844,0,1730937600000,68.570000,1389.180054,1844,"11/07/2024, 8:31:34 AM",com.sec.android.app.shealth,
7500,,com.sec.android.app.shealth,7b6bbe35-9073-4495-8a8b-0cb17c40d022.binning_data,"11/07/2024, 8:12:45 AM",VfS0qUERdZ,,5763333,1.003012,7b6bbe35-9073-4495-8a8b-0cb17c40d022.achievement,0,,7b6bbe35-9073-4495-8a8b-0cb17c40d022,7449,0,1726012800000,286.009827,5780.693848,7449,"11/07/2024, 8:12:45 AM",com.sec.android.app.shealth,
7500,,com.sec.android.app.shealth,43b5ec50-0f1f-4da8-9dae-3030c64a36ac.binning_data,"11/07/2024, 8:36:23 AM",xtfbSOmziO,,1851208,2.471043,43b5ec50-0f1f-4da8-9dae-3030c64a36ac.achievement,0,,43b5ec50-0f1f-4da8-9dae-3030c64a36ac,3197,265,1728691200000,125.279999,2478.790039,3462,"11/07/2024, 8:36:23 AM",com.sec.android.app.shealth,
7500,,com.sec.android.app.shealth,7d0853e9-8fa9-46ea-85ff-55a0a62f64f4.binning_data,"11/07/2024, 8:36:23 AM",xtfbSOmziO,,5169632,1.638889,7d0853e9-8fa9-46ea-85ff-55a0a62f64f4.achievement,0,,7d0853e9-8fa9-46ea-85ff-55a0a62f64f4,9449,0,1728777600000,311.269989,6659.719238,9449,"11/07/2024, 8:36:23 AM",com.sec.android.app.shealth,
7500,,com.sec.android.app.shealth,958e3e47-569a-4935-99c1-ca1431ec6205.binning_data,"11/07/2024, 8:36:23 AM",xtfbSOmziO,,8756153,2.694444,958e3e47-569a-4935-99c1-ca1431ec6205.achievement,0,,958e3e47-569a-4935-99c1-ca1431ec6205,12230,5724,1728950400000,796.431030,14006.535156,17954,"11/07/2024, 8:36:23 AM",com.sec.android.app.shealth,
7500,,com.sec.android.app.shealth,c0a6789e-4bd2-4d2d-b844-6f7a562c9a1f.binning_data,"11/07/2024, 8:36:23 AM",xtfbSOmziO,,4006195,2.055556,c0a6789e-4bd2-4d2d-b844-6f7a562c9a1f.achievement,0,,c0a6789e-4bd2-4d2d-b844-6f7a562c9a1f,7389,49,1729036800000,249.089005,5316.687988,7438,"11/07/2024, 8:36:23 AM",com.sec.android.app.shealth,
7500,,com.sec.android.app.shealth,ac8c27b1-5b09-48f4-9e6c-324ea4b8f6fa.binning_data,"11/07/2024, 8:36:23 AM",xtfbSOmziO,,7497378,2.604207,ac8c27b1-5b09-48f4-9e6c-324ea4b8f6fa.achievement,0,,ac8c27b1-5b09-48f4-9e6c-324ea4b8f6fa,13632,2,1729123200000,453.850006,9493.759766,13634,"11/07/2024, 8:36:23 AM",com.sec.android.app.shealth,
7500,,com.sec.android.app.shealth,d007c5ac-6de4-4001-a312-f97eedd90743.binning_data,"11/07/2024, 8:36:23 AM",xtfbSOmziO,,303076,1.694444,d007c5ac-6de4-4001-a312-f97eedd90743.achievement,0,,d007c5ac-6de4-4001-a312-f97eedd90743,603,0,1729209600000,25.280001,364.649994,603,"11/07/2024, 8:36:23 AM",com.sec.android.app.shealth,
7500,,com.sec.android.app.shealth,e99000c2-de1e-4967-b996-c92026e3eeec.binning_data,"11/07/2024, 8:36:23 AM",xtfbSOmziO,,1282422,1.694444,e99000c2-de1e-4967-b996-c92026e3eeec.achievement,0,,e99000c2-de1e-4967-b996-c92026e3eeec,2461,20,1729296000000,86.550003,1724.260010,2481,"11/07/2024, 8:36:23 AM",com.sec.android.app.shealth,
7500,,com.sec.android.app.shealth,4ba4db77-f622-4e43-a696-6c2986f35ef4.binning_data,"11/07/2024, 8:36:23 AM",xtfbSOmziO,,7717697,1.704882,4ba4db77-f622-4e43-a696-6c2986f35ef4.achievement,0,,4ba4db77-f622-4e43-a696-6c2986f35ef4,16827,21,1729382400000,702.190002,9990.451172,16848,"11/07/2024, 8:36:23 AM",com.sec.android.app.shealth,
7500,,com.sec.android.app.shealth,3631d69e-f5be-4511-8682-a7e603807f8c.binning_data,"11/07/2024, 8:36:23 AM",xtfbSOmziO,,4378572,1.686105,3631d69e-f5be-4511-8682-a7e603807f8c.achievement,0,,3631d69e-f5be-4511-8682-a7e603807f8c,8114,2,1729468800000,264.589996,5690.590820,8116,"11/07/2024, 8:36:23 AM",com.sec.android.app.shealth,
7500,,com.sec.android.app.shealth,8dc88fc9-1473-4954-8a1a-70b39bd364e6.binning_data,"11/07/2024, 8:36:23 AM",xtfbSOmziO,,4527494,2.861111,8dc88fc9-1473-4954-8a1a-70b39bd364e6.achievement,0,,8dc88fc9-1473-4954-8a1a-70b39bd364e6,6502,2831,1729555200000,415.489014,7214.651855,9333,"11/07/2024, 8:36:23 AM",com.sec.android.app.shealth,
7500,,com.sec.android.app.shealth,8a9f5c41-733c-4bac-8811-71f75139a397.binning_data,"11/07/2024, 8:36:23 AM",xtfbSOmziO,,6154224,2.416667,8a9f5c41-733c-4bac-8811-71f75139a397.achievement,0,,8a9f5c41-733c-4bac-8811-71f75139a397,11038,4,1729641600000,390.480011,8058.946777,11042,"11/07/2024, 8:36:23 AM",com.sec.android.app.shealth,
7500,,com.sec.android.app.shealth,760180c8-6daa-41b8-9073-5e5e0a9a5327.binning_data,"11/07/2024, 8:36:23 AM",xtfbSOmziO,,4790426,2.222222,760180c8-6daa-41b8-9073-5e5e0a9a5327.achievement,0,,760180c8-6daa-41b8-9073-5e5e0a9a5327,8491,13,1729728000000,315.990997,6206.509766,8504,"11/07/2024, 8:36:23 AM",com.sec.android.app.shealth,
7500,,com.sec.android.app.shealth,3bfa3310-1657-4ed0-bf34-23d26b3d72fe.binning_data,"11/07/2024, 8:36:23 AM",xtfbSOmziO,,6660285,1.861111,3bfa3310-1657-4ed0-bf34-23d26b3d72fe.achievement,0,,3bfa3310-1657-4ed0-bf34-23d26b3d72fe,12006,8,1729814400000,433.709991,9019.251953,12014,"11/07/2024, 8:36:23 AM",com.sec.android.app.shealth,
7500,,com.sec.android.app.shealth,09f387d8-5a4b-42cf-852b-0c137d6aab11.binning_data,"11/07/2024, 8:36:23 AM",xtfbSOmziO,,8177450,2.744357,09f387d8-5a4b-42cf-852b-0c137d6aab11.achievement,0,,09f387d8-5a4b-42cf-852b-0c137d6aab11,11695,5266,1729900800000,807.708008,13750.390625,16961,"11/07/2024, 8:36:23 AM",com.sec.android.app.shealth,
7500,,com.sec.android.app.shealth,79160f9e-05ac-4046-81f5-be95814f825f.binning_data,"11/07/2024, 8:36:23 AM",xtfbSOmziO,,2411985,1.888889,79160f9e-05ac-4046-81f5-be95814f825f.achievement,0,,79160f9e-05ac-4046-81f5-be95814f825f,4430,0,1729987200000,159.210007,3373.392090,4430,"11/07/2024, 8:36:23 AM",com.sec.android.app.shealth,
7500,,com.sec.android.app.shealth,436ac85a-adde-4f2d-bf27-bccb3c29c95e.binning_data,"11/07/2024, 8:36:23 AM",xtfbSOmziO,,4499083,1.805556,436ac85a-adde-4f2d-bf27-bccb3c29c95e.achievement,0,,436ac85a-adde-4f2d-bf27-bccb3c29c95e,8445,4,1730073600000,309.980011,6324.051758,8449,"11/07/2024, 8:36:23 AM",com.sec.android.app.shealth,
7500,,com.sec.android.app.shealth,9bae73a3-a22b-4e27-b4e7-d58c76be5a9e.binning_data,"11/07/2024, 8:36:23 AM",xtfbSOmziO,,4291784,2.694444,9bae73a3-a22b-4e27-b4e7-d58c76be5a9e.achievement,0,,9bae73a3-a22b-4e27-b4e7-d58c76be5a9e,4260,5624,1730160000000,550.739990,8476.406250,9884,"11/07/2024, 8:36:23 AM",com.sec.android.app.shealth,
7500,,com.sec.android.app.shealth,04697823-db5c-4f27-8431-6d86972168ad.binning_data,"11/07/2024, 8:36:23 AM",xtfbSOmziO,,2501114,2.008025,04697823-db5c-4f27-8431-6d86972168ad.achievement,0,,04697823-db5c-4f27-8431-6d86972168ad,4331,7,1730246400000,154.970001,3179.949951,4338,"11/07/2024, 8:36:23 AM",com.sec.android.app.shealth,

